year	month_num	total_hook	total_hook_csh	kg_net_cw	p_average_hook_csh	p_average_butcher_cs	kg_net_export_market_others_cw	total_export	domestic_hook_csh	domestic_hook	price_export_ime_dua_all	price_export_ime_dua_plant	Gasoil_PPI	GLP_PPI	xr_peso	agro_dollars	industry_dollars	agro_pesos	industry_pesos	rain	wage_industrial_food	wage_industrial_food_detrend	big_consumer_3	big_consumer_51	big_consumer_52	quarter	code	price_import_fertilizer	price_import_urea	price_international_beef	price_international_cattle	soy_price	soybean_price	price_international_urea	price_international_dap	novillo_tipo	novillo_tipo_farm	novillo_tipo_industrial	ifg	price_calves140	price_pregnant	p_pigs_hook	p_piglets_hook	p_lamb_hook	total_value	total	FOB_egypt	kg_net_egypt	price_livestock_egypt	FOB_china	kg_net_china	price_livestock_china	FOB_jordan	kg_net_jordan	price_livestock_jordan	FOB_brazil	kg_net_brazil	price_livestock_brazil	FOB_syria	kg_net_syria	price_livestock_syria	FOB_tunisia	kg_net_tunisia	price_livestock_tunisia	FOB_lebanon	kg_net_lebanon	price_livestock_lebanon	FOB_turkey	kg_net_turkey	price_livestock_turkey	price_export_ime_agg	china_import_world_quantity	china_import_world_value	china_import_uruguay_quantity	china_import_uruguay_value	uy_gdp_percapita	china_gdp_percapita	xr_china	oil_wti	us_tbill	kg_net_import_market	price_import_market_index	kg_net_import_market_nouy	price_import_market_index_nouy	kg_net_import_market_uy	price_import_market_index_uy	kg_net_import_market_cw	price_import_market_index_cw	kg_net_import_market_nouy_cw	price_import_market_index_nouy_cw	kg_net_import_market_uy_cw	price_import_market_index_uy_cw	tri	trend
2009	1	48291318.0	47121597.6	33741662.81338866	1.776924900281819	2.2258246023401096	0.0	33741662.81338866	13379934.786611341	14549655.18661134	2.3967856624988335	2.3967856624988335	0.7745594097765846	1.1742417279549424	23.288	7.257557254233831	6.866994557209973	20.06232328586365	18.645657142492126	190.7	115.18	2.8502794336764974	0.0	0.0	0.0	0	20090.0	0.5073158533333334	0.3040291760316784	2.64	0.0	400.92	9.93525	273.75	308.88	1.5375	1.0145833333333334	0.5229166666666667	0.9505	1.0285714285714285	215.0	1.39	1.62	2.371752685874705	6734901.1	6790218.0	0.0	0.0	0.0	0.0	0.0	0.0	722700.0	277400.0	2.6052631578947367	2922080.3	3464570.0	0.8434178844705115	2737520.8	2908848.0	0.9411013569633064	0.0	0.0	0.0	352600.0	139400.0	2.5294117647058822	0.0	0.0	0.0	2391.394281895223	627176.0	1836.0	34563.0	104.0	9451.93244869934	3832.23643246922	6.836	41.71	0.13	44040.26	3.3751451512774904	0.0	0.0	0.0	0.0	62583.527368421055	2.375102143491568	0.0	0.0	0.0	0.0	0	0
2009	2	37270182.7	36370624.4	27656290.118454013	1.835429576914275	2.239118650800483	182658.86579926228	27838948.984253276	8531675.415746722	9431233.715746727	2.557245241200314	2.5456922110106794	0.7119489483723387	1.1528606627868252	23.249	6.902011408008079	6.650626548714578	20.807377797137804	18.89256527347465	360.5	115.23	2.067180299129148	0.0	0.0	0.0	0	20090.0	0.5073158533333334	0.3040291760316784	2.54	0.0	374.45	9.287289473684211	281.25	313.75	1.4729166666666669	1.00625	0.4666666666666667	0.921	1.0571428571428572	210.0	1.37	1.52	2.4276107625774026	733558.8	866550.0	0.0	0.0	0.0	0.0	0.0	0.0	0.0	0.0	0.0	733558.8	866550.0	0.8465279556863424	0.0	0.0	0.0	0.0	0.0	0.0	0.0	0.0	0.0	0.0	0.0	0.0	2479.0039615670366	575973.0	1758.0	91898.0	234.0	9451.93244869934	3832.23643246922	6.8363	39.09	0.3	44007.03	3.0865652601413918	0.0	0.0	0.0	0.0	62536.305789473685	2.172027405284682	0.0	0.0	0.0	0.0	0	1
2009	3	34906644.7	33894317.5	22787560.49448787	1.9779506407821903	2.449518860415175	92604.94960902256	22880165.444096893	11014152.055903107	12026479.25590311	2.5118584806749187	2.4971895005507427	0.694316354671828	1.1191391507302333	23.967	7.128557311051567	6.371023579587368	19.78336107564684	18.34908338020784	470.9	115.1	1.0983592994727294	0.0	0.0	0.0	0	20090.0	0.5073158533333334	0.3040291760316784	2.61	0.0	372.75	9.03181818181818	268.5	317.8	1.46875	1.0583333333333331	0.4104166666666666	1.0051	1.2857142857142856	250.0	1.29	1.56	2.4317704926373587	10517273.95	4587810.0	6580916.95	3732500.0	1.7631391694574683	3731800.0	720000.0	5.183055555555556	0.0	0.0	0.0	137357.0	112810.0	1.2175959578051592	0.0	0.0	0.0	0.0	0.0	0.0	0.0	0.0	0.0	0.0	0.0	0.0	2499.727400540911	690062.0	2248.0	235464.0	630.0	9451.93244869934	3832.23643246922	6.836	47.94	0.21	0.0	0.0	0.0	0.0	0.0	0.0	0.0	0.0	0.0	0.0	0.0	0.0	0	2
2009	4	43371527.800000004	42256927.5	29563987.819585644	1.9402289499135972	2.4161672417375293	62560.70274219559	29626548.52232784	12630378.97767216	13744979.277672164	2.585034982467895	2.5843262487540435	0.7298533830813658	1.120072745360537	24.015	6.556804256135897	6.1681486310226585	22.24761842767621	18.970956053013325	97.5	115.68	0.8338164347072744	0.0	0.0	0.0	0	20091.0	0.3889624110507381	0.29152402605826117	2.64	0.0	387.55	10.18104761904762	245.63	300.63	1.5520833333333333	1.0895833333333331	0.4625	1.0056	1.2285714285714284	230.0	1.31	1.51	2.569167727509371	2759252.0	2366275.0	0.0	0.0	0.0	0.0	0.0	0.0	444510.0	170620.0	2.6052631578947367	182327.0	212645.0	0.8574243457405535	1808625.0	1855000.0	0.975	0.0	0.0	0.0	323790.0	128010.0	2.5294117647058822	0.0	0.0	0.0	2494.8444930886603	1621523.0	4821.0	472747.0	1194.0	9451.93244869934	3832.23643246922	6.8306	49.65	0.16	0.0	0.0	0.0	0.0	0.0	0.0	0.0	0.0	0.0	0.0	0.0	0.0	1	3
2009	5	49494817.7	48127960.0	34978192.6326835	1.872392600164229	2.396179533125673	75172.32573763067	35053364.95842113	13074595.041578867	14441452.74157887	2.546510429622977	2.545909759693837	0.7919075257168074	1.1714616364590564	23.674	6.667883693895971	6.02886911182412	21.50292911527401	16.515389442195428	326.6	115.81	0.1135517048327493	0.0	0.0	0.0	0	20091.0	0.3889624110507381	0.29152402605826117	2.72	0.0	425.72	11.41025	236.25	267.88	1.5916666666666666	1.0833333333333333	0.5083333333333333	0.9833	1.182857142857143	235.0	1.38	1.55	2.758047888909506	3726533.3	3440818.0	0.0	0.0	0.0	0.0	0.0	0.0	0.0	0.0	0.0	833477.0	931580.0	0.8946918139075549	1533156.3	1572468.0	0.975	1301700.0	909770.0	1.430801191509942	0.0	0.0	0.0	0.0	0.0	0.0	2574.656892956256	859702.0	2974.0	100971.0	234.0	9451.93244869934	3832.23643246922	6.8235	59.03	0.18	0.0	0.0	0.0	0.0	0.0	0.0	0.0	0.0	0.0	0.0	0.0	0.0	1	4
2009	6	45309511.8	43966064.9	30227494.393655527	1.9757569369529817	2.442711265112868	184959.0236799201	30412453.417335447	13553611.482664552	14897058.38266455	2.4954447057776785	2.4979735629641975	0.905439431539246	1.2844111088985404	23.363	6.366233150140947	5.619619888585616	20.46847133247193	16.922552450469126	297.3	115.33	-1.2224348901508342	0.0	0.0	0.0	0	20091.0	0.3889624110507381	0.29152402605826117	2.74	0.0	442.09	12.030045454545457	239.7	256.1	1.58125	1.0833333333333333	0.4979166666666667	0.99776	1.2571428571428571	245.0	1.32	1.56	2.9840644240854908	10084199.0	5967615.0	0.0	0.0	0.0	0.0	0.0	0.0	0.0	0.0	0.0	1197379.0	1241295.0	0.9646208193862056	1755000.0	1800000.0	0.975	0.0	0.0	0.0	7057590.0	2885210.0	2.4461269716935683	0.0	0.0	0.0	2394.3525044673484	1515148.0	4670.0	623450.0	1584.0	9451.93244869934	3832.23643246922	6.8334	69.64	0.18	0.0	0.0	0.0	0.0	0.0	0.0	0.0	0.0	0.0	0.0	0.0	0.0	1	5
2009	7	45381760.6	44491193.5	31388388.3220767	2.0413930460013394	2.5913404599140084	95520.36678195489	31483908.688858654	13007284.811141346	13897851.911141347	2.569986387637857	2.5606665291402977	0.8641451339370394	1.2297348364045664	23.367	6.701510636497992	6.140540460009644	21.35120918364317	16.89079954522523	315.7	117.95	0.5358566497565218	0.0	0.0	0.0	0	20092.0	0.34489803201480446	0.3041727467173094	2.79	0.0	430.61	10.442045454545454	243.75	263.25	1.6	1.1104166666666666	0.4895833333333333	1.0197	1.314285714285714	255.0	1.3	1.56	3.0759790358389316	3928001.82	2586536.0	0.0	0.0	0.0	0.0	0.0	0.0	1832080.0	718180.0	2.551003926592219	2032921.82	1841356.0	1.104035189284419	0.0	0.0	0.0	0.0	0.0	0.0	0.0	0.0	0.0	0.0	0.0	0.0	2491.892785778956	1767136.0	5407.0	667101.0	1749.0	9451.93244869934	3832.23643246922	6.8317	64.15	0.18	0.0	0.0	0.0	0.0	0.0	0.0	0.0	0.0	0.0	0.0	0.0	0.0	2	6
2009	8	42410515.2	41771317.699999996	28802577.746374518	2.1166068696080425	2.736246300507947	184726.5318585024	28987304.27823302	12784013.421766974	13423210.921766981	2.473112480274069	2.4577229914399044	0.9584796722661514	1.351967589647037	22.831	6.340433265998234	5.938628830732772	21.15273447977859	16.39966595649365	279.1	118.24	-0.0415736754451848	0.0	0.0	0.0	0	20092.0	0.34489803201480446	0.3041727467173094	2.8	0.0	497.53	10.549595238095238	251.5	276.4	1.6479166666666667	1.16875	0.4791666666666667	1.0959	1.4285714285714284	260.0	1.36	1.7	3.1400427367881427	14986559.23	9407510.0	8427668.23	3691600.0	2.282931040741142	0.0	0.0	0.0	0.0	0.0	0.0	1099481.0	1161180.0	0.9468652577550424	2730000.0	2800000.0	0.975	0.0	0.0	0.0	2598490.0	1692040.0	1.5357142857142858	0.0	0.0	0.0	2487.5070546767643	1370715.0	4003.0	609508.0	1504.0	9451.93244869934	3832.23643246922	6.8323	71.05	0.17	0.0	0.0	0.0	0.0	0.0	0.0	0.0	0.0	0.0	0.0	0.0	0.0	2	7
2009	9	45817975.0	45111893.6	34405950.088361144	2.1228911685986067	2.7800782008503933	1259742.4048850364	35665692.49324618	9446201.106753819	10152282.506753817	2.410920705276728	2.402364346216987	0.9235357575294336	1.3948077080685004	21.924	6.628213926253852	5.949697561428954	20.174547144288454	15.554389006160587	384.5	118.45	-0.7047258657559352	0.0	0.0	0.0	0	20092.0	0.34489803201480446	0.3041727467173094	2.81	0.0	425.01	9.306190476190476	232.25	280.63	1.6458333333333333	1.1979166666666667	0.4479166666666667	1.1181	1.4571428571428569	280.0	1.43	1.48	3.324969818158554	12009340.66	7588260.0	8727700.66	4816000.0	1.812230203488372	0.0	0.0	0.0	0.0	0.0	0.0	490010.0	417490.0	1.1737047593954346	2730000.0	2322320.0	1.1755485893416928	0.0	0.0	0.0	0.0	0.0	0.0	0.0	0.0	0.0	2400.361868643729	1353713.0	4087.0	673492.0	1614.0	9451.93244869934	3832.23643246922	6.8277	69.41	0.12	0.0	0.0	0.0	0.0	0.0	0.0	0.0	0.0	0.0	0.0	0.0	0.0	2	8
2009	10	44528894.800000004	43616233.6	32590941.384058196	2.1477867021190935	2.8000534728469932	930024.1309179068	33520965.514976103	10095268.085023899	11007929.285023902	2.5161909662869726	2.5129631640545727	1.000243613813856	1.4816974669596434	20.807	6.208907905055178	5.684654324543604	20.1149934107118	16.11899143879487	521.9	118.63	-1.4035999211757622	0.0	0.0	0.0	0	20093.0	0.341152617912171	0.26555102520316104	2.75	0.0	430.08	9.658340909090908	234.88	271.63	1.6625	1.2145833333333331	0.4479166666666667	1.1228	1.4857142857142858	300.0	1.52	1.76	3.6007999686085017	5687985.65	5731000.0	0.0	0.0	0.0	0.0	0.0	0.0	0.0	0.0	0.0	86110.65	51000.0	1.6884441176470588	3139500.0	3220000.0	0.975	0.0	0.0	0.0	2381925.0	2443000.0	0.975	0.0	0.0	0.0	2423.6588082853104	904714.0	2986.0	524182.0	1331.0	9451.93244869934	3832.23643246922	6.8267	75.72	0.07	0.0	0.0	0.0	0.0	0.0	0.0	0.0	0.0	0.0	0.0	0.0	0.0	3	9
2009	11	47195273.6	46098491.4	28894469.332884565	2.116017749574339	2.708977600487508	245648.55603159507	29140117.88891616	16958373.511083838	18055155.71108384	2.6896686179780986	2.6890704807501375	1.0249607246065129	1.5501552603792832	20.452	6.698057310032954	5.666474861349589	16.181024008876925	14.858811988797363	797.6999999999999	118.93	-1.9881958417046308	0.0	0.0	0.0	0	20093.0	0.341152617912171	0.26555102520316104	2.83	0.0	447.41	10.1155	243.5	273.2	1.6729166666666666	1.20625	0.4666666666666667	1.1341	1.5142857142857145	300.0	1.55	1.8	3.6871025134341866	8918364.0	4346288.991	8737144.0	4250000.0	2.055798588235294	0.0	0.0	0.0	0.0	0.0	0.0	92030.0	51288.98	1.7943425663758568	0.0	0.0	0.0	0.0	0.0	0.0	0.0	0.0	0.0	0.0	0.0	0.0	2678.5024015448844	1538572.0	4954.0	764625.0	1850.0	9451.93244869934	3832.23643246922	6.8271	77.99	0.05	2830.76	6.829992652149952	0.0	0.0	0.0	0.0	4179.010548571428	4.62647073398971	0.0	0.0	0.0	0.0	3	10
2009	12	52861218.9	51399077.1	39114681.53760753	2.1078417388704436	2.791006129956053	30953.368421052637	39145634.90602858	12253442.193971418	13715583.993971415	2.5889256866898442	2.5859992246836256	1.0351522086655125	1.6392008081030969	19.697	6.127566016152973	5.562617558832766	17.841262121514674	15.911415176475863	455.1	119.67	-2.1385136273425727	0.0	0.0	0.0	0	20093.0	0.341152617912171	0.26555102520316104	2.88	0.0	449.35	10.330727272727271	262.0	331.5	1.6520833333333331	1.19375	0.4583333333333333	1.1491	1.542857142857143	315.0	1.62	1.99	3.8362375730585767	6962860.5600000005	6536100.0	0.0	0.0	0.0	0.0	0.0	0.0	0.0	0.0	0.0	953523.06	912640.0	1.044796480539972	0.0	0.0	0.0	1500000.0	1191960.0	1.2584314909896306	4095000.0	4381500.0	0.9346114344402602	0.0	0.0	0.0	2516.414021677092	1334008.0	4288.0	364892.0	935.0	9451.93244869934	3832.23643246922	6.8275	74.47	0.05	0.0	0.0	0.0	0.0	0.0	0.0	0.0	0.0	0.0	0.0	0.0	0.0	3	11
2010	1	38588573.7	37533514.8	31507506.737857655	2.2373569099156154	3.140475643713371	40962.42677173519	31548469.16462939	5985045.635370608	7040104.535370614	2.569375005075694	2.5710566784602427	1.0653685387102956	1.6902894522197436	19.581	6.211933201651711	5.362685211710402	16.12916231231527	13.978511788582336	397.4	126.77	3.2054225308743822	0.0	0.0	0.0	0	20100.0	0.42628521787676543	0.3387945150275022	3.02	0.0	435.88	9.81407894736842	266.5	383.0	1.6979166666666667	1.1979166666666667	0.5020833333333333	1.1847	1.6857142857142855	360.0	1.61	2.27	3.9469347382321125	2979340.0	3026600.0	2776800.0	2848000.0	0.975	0.0	0.0	0.0	0.0	0.0	0.0	202540.0	178600.0	1.1340425531914893	0.0	0.0	0.0	0.0	0.0	0.0	0.0	0.0	0.0	0.0	0.0	0.0	2487.897807430081	1293153.0	4239.0	517207.0	1265.0	11992.0237658273	4550.45310775599	6.8269	78.33	0.06	0.0	0.0	0.0	0.0	0.0	0.0	0.0	0.0	0.0	0.0	0.0	0.0	0	12
2010	2	38485175.4	37507216.8	26639107.334656436	2.3640117174569992	3.0782604164943344	208223.7899822833	26847331.124638718	10659885.67536128	11637844.27536128	2.842514719459919	2.8422647455418755	1.037496194847086	1.659020683890656	19.766	6.243310764340651	5.547443701034196	16.789889265813226	13.215811165798488	960.0	127.08	2.6136610150183235	128.67479473688633	103.30279043461177	102.53297040002172	0	20100.0	0.42628521787676543	0.3387945150275022	3.21	0.0	411.86	9.389342105263156	297.5	413.63	1.7479166666666666	1.2333333333333334	0.5166666666666667	1.2261	1.8114285714285716	395.0	1.61	2.18	3.9427864106743304	0.0	0.0	0.0	0.0	0.0	0.0	0.0	0.0	0.0	0.0	0.0	0.0	0.0	0.0	0.0	0.0	0.0	0.0	0.0	0.0	0.0	0.0	0.0	0.0	0.0	0.0	2750.97825191958	1153695.0	3929.0	498275.0	1166.0	11992.0237658273	4550.45310775599	6.8285	76.39	0.11	0.0	0.0	0.0	0.0	0.0	0.0	0.0	0.0	0.0	0.0	0.0	0.0	0	13
2010	3	54443919.5	53068458.8	36438051.78076824	2.439480477337699	3.0270708712111043	63743.05828792522	36501794.839056164	16566663.960943833	17942124.660943836	2.937299143582944	2.93401532176389	1.0875035975785434	1.6241068203028868	19.607	6.231801434255114	5.763207222870026	17.344112128875594	12.059373258676024	224.5	127.7	2.3261776340532125	129.7721054152559	104.1912032083164	103.41514334284746	0	20100.0	0.42628521787676543	0.3387945150275022	3.4	0.0	409.36	9.527173913043478	278.7	424.5	1.79375	1.3020833333333333	0.4916666666666666	1.2461	1.857142857142857	400.0	1.62	2.28	4.160180909703996	4697059.0	3702020.0	0.0	0.0	0.0	0.0	0.0	0.0	2651930.0	1692660.0	1.5667233821322653	104288.0	52000.0	2.0055384615384617	1706250.0	1750000.0	0.975	0.0	0.0	0.0	171171.0	175560.0	0.975	0.0	0.0	0.0	2857.5358217078256	1197687.0	3960.0	492732.0	1119.0	11992.0237658273	4550.45310775599	6.8262	81.2	0.15	0.0	0.0	0.0	0.0	0.0	0.0	0.0	0.0	0.0	0.0	0.0	0.0	0	14
2010	4	53894880.7	52427663.7	40647195.464612655	2.497169024356124	3.039606819110465	325983.52107754454	40973178.9856902	11454484.714309804	12921701.714309804	2.9291266682508383	2.9261546185529292	1.1399246320670993	1.6733926675202533	19.34	5.96141933614907	5.530436223361552	14.90179664809116	12.27309687458652	264.9	127.81	1.5229723879790442	131.60310781105304	105.66674174414652	104.87997004817512	0	20101.0	0.5065833890280947	0.342440410197946	3.66	0.0	402.6	9.742904761904764	253.75	417.5	1.8583333333333332	1.3375	0.5229166666666667	1.237	1.8857142857142852	400.0	1.66	2.33	4.475248734600744	3809190.0	678150.0	0.0	0.0	0.0	3711120.0	592500.0	6.263493670886076	0.0	0.0	0.0	98070.0	85650.0	1.1450087565674256	0.0	0.0	0.0	0.0	0.0	0.0	0.0	0.0	0.0	0.0	0.0	0.0	2914.182649022934	832284.0	3234.0	444062.0	1139.0	11992.0237658273	4550.45310775599	6.8256	84.29	0.16	0.0	0.0	0.0	0.0	0.0	0.0	0.0	0.0	0.0	0.0	0.0	0.0	1	15
2010	5	49337427.2	48044554.9	37456545.48518277	2.616911275745839	3.0999353028652514	581113.7873102938	38037659.272493064	10006895.627506934	11299767.927506939	3.0899590160900177	3.0896753139122355	1.071085244860708	1.6255607952212754	19.243	5.871770479801551	5.185318929172499	16.429940368275204	12.90324698105597	364.7000000000001	127.95	0.7440452767958108	132.266491974524	106.19938602773964	105.40864837768056	0	20101.0	0.5065833890280947	0.342440410197946	3.58	0.0	402.87	9.53925	234.0	410.0	1.8875	1.36875	0.51875	1.2377	1.9714285714285715	415.0	1.69	2.39	4.728907756925344	10815172.0	5835570.0	0.0	0.0	0.0	0.0	0.0	0.0	282150.0	108300.0	2.6052631578947367	204480.0	72000.0	2.84	7012500.0	2337500.0	3.0	0.0	0.0	0.0	3207750.0	3290000.0	0.975	0.0	0.0	0.0	3072.079710640445	1219422.0	4265.0	822938.0	2161.0	11992.0237658273	4550.45310775599	6.8275	73.74	0.16	0.0	0.0	0.0	0.0	0.0	0.0	0.0	0.0	0.0	0.0	0.0	0.0	1	16
2010	6	41108035.0	40019355.4	31925531.89623716	2.6539085444589645	3.0374758264459873	385741.2464754204	32311273.142712582	7708082.257287417	8796761.857287418	3.068741031405728	3.0692208417535864	1.0536185941475835	1.576786434293534	20.446	5.597744747560285	5.088959151534938	13.906468530252772	12.907004929022207	262.5	127.39	-0.7406036994964795	124.48420742765164	99.95083563199621	99.20662333618833	0	20101.0	0.5065833890280947	0.342440410197946	3.33	0.0	401.33	9.47025	226.25	392.5	1.8979166666666667	1.4041666666666666	0.49375	1.2473	2.0285714285714285	430.0	1.57	2.1	4.7399173086126485	13770657.9	7774187.0	0.0	0.0	0.0	0.0	0.0	0.0	2534420.0	1178800.0	2.15	84940.0	35800.0	2.3726256983240224	0.0	0.0	0.0	0.0	0.0	0.0	0.0	0.0	0.0	11151297.9	6559587.0	1.6999999999999995	2963.478672135083	1268340.0	4260.0	517735.0	1417.0	11992.0237658273	4550.45310775599	6.8184	75.34	0.12	0.0	0.0	0.0	0.0	0.0	0.0	0.0	0.0	0.0	0.0	0.0	0.0	1	17
2010	7	33521923.599999998	32925433.599999998	22268297.842641003	3.068535431916074	3.409363455120212	299013.70989048656	22567311.55253149	10358122.04746851	10954612.04746851	3.0815621634026256	3.081015680894226	1.0347595151984632	1.5870976709054545	21.084	5.795022425080004	5.527709082011869	15.257796165090546	11.506025217634964	535.2	128.24	-0.8209745408978276	120.71732617462366	96.9263320684782	96.20463957179409	0	20102.0	0.4914151623448961	0.3111820344701809	3.27	0.0	427.53	9.943214285714284	259.38	418.13	1.9125	1.5020833333333334	0.4104166666666666	1.1503	2.142857142857143	460.0	1.47	2.01	4.8740080887290995	14623686.0	6352200.0	0.0	0.0	0.0	0.0	0.0	0.0	1419000.0	594000.0	2.388888888888889	78000.0	30000.0	2.6	0.0	0.0	0.0	0.0	0.0	0.0	0.0	0.0	0.0	13126686.0	5728200.0	2.2915900282811354	3046.5695804520906	2332947.0	8107.0	1063625.0	3045.0	11992.0237658273	4550.45310775599	6.7762	76.32	0.16	0.0	0.0	0.0	0.0	0.0	0.0	0.0	0.0	0.0	0.0	0.0	0.0	2	18
2010	8	31910939.599999998	31401502.2	20414958.230867215	3.179011527856142	3.491900805108525	0.0	20414958.230867215	10986543.969132785	11495981.369132783	3.2248235375009826	3.2248235375009826	1.057253055982827	1.6197198146870484	20.847	5.428081686980111	5.009652376411989	14.363526052157416	12.201937018482097	258.1	128.38	-1.6170672474082444	122.0897061958922	98.02824316840764	97.29834608009338	0	20102.0	0.4914151623448961	0.3111820344701809	3.41	0.0	449.84	10.227704545454545	263.5	459.9	1.9166666666666667	1.6229166666666666	0.2916666666666667	1.1507	2.228571428571428	480.0	1.46	2.12	5.066216863517326	0.0	0.0	0.0	0.0	0.0	0.0	0.0	0.0	0.0	0.0	0.0	0.0	0.0	0.0	0.0	0.0	0.0	0.0	0.0	0.0	0.0	0.0	0.0	0.0	0.0	0.0	3127.727097466909	3736614.0	12509.0	777041.0	2238.0	11992.0237658273	4550.45310775599	6.7873	76.6	0.16	0.0	0.0	0.0	0.0	0.0	0.0	0.0	0.0	0.0	0.0	0.0	0.0	2	19
2010	9	29485440.099999998	28926371.4	21755632.12853265	3.0797605420913596	3.5432473125324457	6231.402	21761863.53053265	7164507.869467348	7723576.569467347	3.2720916556660864	3.27217033821032	1.0733598114701897	1.6669727994569148	20.55	5.823259276321054	5.272548384581246	13.504786397628704	11.136480478281843	420.7000000000001	128.62	-2.318881819027707	123.8542143584314	99.44500171930872	98.70455575336774	0	20102.0	0.4914151623448961	0.3111820344701809	3.39	0.0	468.26	10.64845238095238	308.75	506.0	1.9729166666666669	1.7208333333333334	0.2520833333333333	1.1839	2.24	500.0	1.49	2.02	5.665774026054878	20961380.0	9727100.0	0.0	0.0	0.0	4622500.0	645000.0	7.166666666666667	0.0	0.0	0.0	38800.0	26500.0	1.4641509433962263	0.0	0.0	0.0	0.0	0.0	0.0	0.0	0.0	0.0	16300080.0	9055600.0	1.8	3106.904847428786	4643202.0	16231.0	711710.0	2158.0	11992.0237658273	4550.45310775599	6.7396	75.24	0.15	24998.89	3.606301319778598	0.0	0.0	0.0	0.0	36248.32569910312	2.4871088046483383	0.0	0.0	0.0	0.0	2	20
2010	10	32248748.400000002	31459426.5	17134775.705186594	3.113777890852524	3.8428261065878964	0.0	17134775.705186594	14324650.794813406	15113972.694813408	3.422782033396995	3.422782033396995	1.1308546824059982	1.75276664247184	20.206	4.600333858913723	5.146981988220404	13.67812212086349	11.084112990838232	118.8	129.24	-2.646418255756232	125.8786147845595	101.05876454270866	100.3057081996428	0	20103.0	0.552857161516081	0.40412711782925537	3.37	0.0	495.79	11.636261904761906	332.5	557.25	2.05	1.7333333333333334	0.31875	1.1766	2.2114285714285717	500.0	1.54	1.96	6.294689552559923	17918705.01	8753320.0	0.0	0.0	0.0	0.0	0.0	0.0	0.0	0.0	0.0	65050.01	44220.0	1.4710540479421077	0.0	0.0	0.0	0.0	0.0	0.0	0.0	0.0	0.0	17853655.0	8709100.0	2.05	3335.422429327617	2463216.0	8901.0	573095.0	1837.0	11992.0237658273	4550.45310775599	6.6678	81.89	0.13	0.0	0.0	0.0	0.0	0.0	0.0	0.0	0.0	0.0	0.0	0.0	0.0	3	21
2010	11	44084466.0	42926674.3	24193786.230940424	3.0185769274210936	3.649562650148397	150940.2378366397	24344726.468777064	18581947.831222933	19739739.531222936	3.991012803311269	3.9887384764351905	1.1496922065262636	1.7947069055180482	19.963	5.718584827351945	5.220430458129742	13.893772027021829	11.477918689933473	171.7	131.66	-1.1796765575938193	127.40499888640458	102.28337202477262	101.52114877156886	0	20103.0	0.552857161516081	0.40412711782925537	3.5	0.0	514.15	12.56345238095238	365.4	554.1	2.2	1.6395833333333334	0.5604166666666667	1.1491	2.1714285714285717	470.0	1.61	2.08	6.287038842979793	25291043.0	12208310.0	0.0	0.0	0.0	0.0	0.0	0.0	0.0	0.0	0.0	923632.0	592130.0	1.55984665529529	0.0	0.0	0.0	0.0	0.0	0.0	357520.0	174400.0	2.05	24009891.0	11441780.0	2.0984401902501184	3752.716853041318	1943282.0	7777.0	741449.0	2099.0	11992.0237658273	4550.45310775599	6.6538	84.25	0.14	0.0	0.0	0.0	0.0	0.0	0.0	0.0	0.0	0.0	0.0	0.0	0.0	3	22
2010	12	58459691.9	56831261.3	36579659.14904685	2.955862016433902	3.569778624814553	542934.5330105764	37122593.68205743	19708667.617942564	21337098.217942566	3.7534632790851234	3.7441994949143407	1.1850911130038095	1.8406495680774069	19.975	5.595764788910507	5.044514979693619	13.52797163830958	10.67393974325322	183.40000000000003	132.71	-1.0886567245404626	127.32846021373192	102.22192519301802	101.46015984614914	0	20103.0	0.552857161516081	0.40412711782925537	3.88	0.0	545.75	13.174795454545457	380.63	540.63	2.2895833333333333	1.58125	0.70625	1.1712	2.1142857142857143	450.0	1.58	2.22	5.902393006962658	32003008.51	15235286.0	0.0	0.0	0.0	0.0	0.0	0.0	0.0	0.0	0.0	3174399.21	2011460.0	1.5781567667266565	0.0	0.0	0.0	0.0	0.0	0.0	1354787.4	713046.0	1.9	27370321.9	12490580.0	2.19127709842137	3847.806752031384	1618374.0	6886.0	472654.0	1595.0	11992.0237658273	4550.45310775599	6.6497	89.15	0.14	0.0	0.0	0.0	0.0	0.0	0.0	0.0	0.0	0.0	0.0	0.0	0.0	3	23
2011	1	36788767.7	35839768.4	28200396.6789582	3.102740043007644	3.768297421471963	492964.1566397254	28693360.835597925	7146407.564402074	8095406.864402078	3.717346119582834	3.7130045464264088	1.2593940820062983	1.850642501567043	19.862	5.666811022809175	5.056356482210056	14.585170267693842	11.435913555357333	288.5	134.07	-3.5844343719277267	128.0528644028444	102.80349188050224	102.03739265566556	0	20110.0	0.6260230889405236	0.4124036456655849	4.19	0.0	567.62	13.951125	378.5	547.4	2.30625	1.6541666666666666	0.6520833333333333	1.2659	2.175	470.0	1.61	2.01	6.209156269584445	17813241.37	8066239.0	0.0	0.0	0.0	0.0	0.0	0.0	0.0	0.0	0.0	2132159.45	1227210.0	1.7374039080515968	0.0	0.0	0.0	1005005.0	528950.0	1.9	2277516.7	1198693.0	1.9	12323259.22	5092346.0	2.419957171017052	3629.798766322465	1739492.0	6328.0	785315.0	2504.0	14236.7149957359	5618.13226711491	6.5964	89.17	0.15	0.0	0.0	0.0	0.0	0.0	0.0	0.0	0.0	0.0	0.0	0.0	0.0	0	24
2011	2	33997136.7	33281458.400000002	21894988.08004315	3.3718941545001524	4.039524233618582	325560.4030343797	22220548.483077526	11060909.916922476	11776588.216922477	3.8175729359067248	3.815053333878563	1.3355196074842166	1.8902723736263172	19.584	5.67805873064095	5.310314665161851	13.642981624996448	10.576887817398063	329.20000000000005	133.94	-4.684858269092495	132.87659321818688	107.07834057424112	106.27786606048667	0	20110.0	0.6260230889405236	0.4124036456655849	4.08	0.0	566.05	13.945473684210526	297.5	413.63	2.372916666666667	1.8270833333333332	0.5458333333333333	1.3039	2.6	492.5	1.64	2.27	6.442277720310978	30105162.79	11095760.0	0.0	0.0	0.0	4622500.0	1000000.0	4.6225	0.0	0.0	0.0	304065.83	172220.0	1.7655663105330393	0.0	0.0	0.0	0.0	0.0	0.0	1596518.0	651640.0	2.45	23415989.96	9194900.0	2.5466280177054674	3707.701914348843	860346.0	3825.0	510811.0	1623.0	14236.7149957359	5618.13226711491	6.5761	88.58	0.13	0.0	0.0	0.0	0.0	0.0	0.0	0.0	0.0	0.0	0.0	0.0	0.0	0	25
2011	3	44953652.6	43952442.3	29491528.287270352	3.878774061599758	4.46241248877887	780909.173124288	30272437.46039464	13680004.839605357	14681215.139605362	3.992476580656034	3.993191112473881	1.4505960555215114	1.9452961252301697	19.334	5.675751331039388	5.1552580930955	13.921790131337971	11.25387478423533	226.3	135.6	-4.001004031366324	139.3610241003106	112.92787939087344	112.08026928179666	0	20110.0	0.6260230889405236	0.4124036456655849	4.19	0.0	552.75	13.604782608695652	278.7	424.5	2.497916666666667	2.083333333333333	0.4145833333333333	1.2945	2.75	565.0	1.66	2.71	6.585143942978372	10970945.48	3885801.0	0.0	0.0	0.0	0.0	0.0	0.0	0.0	0.0	0.0	104250.0	53200.0	1.9595864661654132	0.0	0.0	0.0	0.0	0.0	0.0	0.0	0.0	0.0	10866695.48	3832601.0	2.8353317968658884	4060.260130598784	1428020.0	6810.0	632258.0	1912.0	14236.7149957359	5618.13226711491	6.5645	102.86	0.1	0.0	0.0	0.0	0.0	0.0	0.0	0.0	0.0	0.0	0.0	0.0	0.0	0	26
2011	4	44328578.2	43161270.1	26411906.522144664	3.8948533862816053	4.449476486554764	188632.40714285715	26600538.929287523	16560731.170712478	17728039.27071248	4.205789816041014	4.206464067137648	1.5366066074575384	2.0133756996055907	18.996	5.176159398299793	4.780677024561634	11.586056272900075	10.335037727758705	368.0	138.61	-1.972871658749176	141.87964386790537	114.97414084431958	114.11145113990622	0	20111.0	0.6430120754105407	0.3848664000483317	4.33	0.0	556.58	13.651175	253.75	417.5	2.5395833333333333	2.09375	0.4458333333333333	1.2379	2.6	655.0	1.76	3.84	6.628654887618089	26904418.6	8599360.0	0.0	0.0	0.0	5079350.0	1092820.0	4.647929210665984	0.0	0.0	0.0	66520.0	26600.0	2.5007518796992483	0.0	0.0	0.0	0.0	0.0	0.0	0.0	0.0	0.0	21758548.6	7479940.0	2.908920205242288	3987.245562589306	1182079.0	5690.0	507824.0	1901.0	14236.7149957359	5618.13226711491	6.5267	109.53	0.06	0.0	0.0	0.0	0.0	0.0	0.0	0.0	0.0	0.0	0.0	0.0	0.0	1	27
2011	5	42704607.3	41679098.0	27099848.711476866	3.9943252032853502	4.491816119496657	259602.4368128393	27359451.148289707	14319646.851710293	15345156.15171029	4.201429025639854	4.2061547388538205	1.4773923823347923	2.032470015114422	18.846	5.361327867339382	4.981703787155674	12.332832360568164	10.644851061457963	254.2	142.52	0.9495388487588848	143.00889923138757	115.8892486192664	115.01969255299048	0	20111.0	0.6430120754105407	0.3848664000483317	4.16	0.0	556.8	13.573214285714286	234.0	410.0	2.55	2.14375	0.40625	1.2123	2.6	700.0	1.79	3.47	6.7170099970129	7101527.0	2807020.0	0.0	0.0	0.0	0.0	0.0	0.0	0.0	0.0	0.0	0.0	0.0	0.0	0.0	0.0	0.0	0.0	0.0	0.0	0.0	0.0	0.0	7101527.0	2807020.0	2.529916780072817	4180.389090354005	1348502.0	6734.0	591617.0	2160.0	14236.7149957359	5618.13226711491	6.4957	100.9	0.04	0.0	0.0	0.0	0.0	0.0	0.0	0.0	0.0	0.0	0.0	0.0	0.0	1	28
2011	6	32906273.7	32047335.4	21491318.756152187	3.8938478663533442	4.487008624695882	145326.5280266473	21636645.284178834	10410690.115821164	11269628.415821165	4.0743686552213	4.069723165078565	1.4866855861297177	2.029820195385087	18.521	5.252396164457581	4.927088356364125	12.79665895623124	11.405564964141222	360.1	142.41	-0.1537725088421322	145.51836914393013	117.92283243230357	117.03801770172552	0	20111.0	0.6430120754105407	0.3848664000483317	3.94	0.0	556.22	13.595522727272728	478.75	575.88	2.55625	2.129166666666667	0.4270833333333333	1.2014	2.5	660.0	1.79	3.36	6.844466143780895	9636087.44	2857764.0	0.0	0.0	0.0	0.0	0.0	0.0	0.0	0.0	0.0	0.0	0.0	0.0	0.0	0.0	0.0	0.0	0.0	0.0	0.0	0.0	0.0	9575437.44	2844164.0	3.366696660248847	3934.70555915152	1775625.0	8504.0	815364.0	3415.0	14236.7149957359	5618.13226711491	6.4746	96.26	0.04	0.0	0.0	0.0	0.0	0.0	0.0	0.0	0.0	0.0	0.0	0.0	0.0	1	29
2011	7	33614766.2	33036586.2	19043007.615658864	3.7840435632753127	4.364589141494202	146222.84083945697	19189230.45649832	13847355.743501678	14425535.743501682	4.19799774006675	4.193915678756966	1.5254740903056956	2.0626963138627863	18.418	5.107435329712683	4.9406044829307145	11.516368501314547	10.780747510440172	314.5	146.81	3.247194268447817	146.33215956752798	118.58229880978904	117.69253588085886	0	20112.0	0.6793032073113563	0.5113289486497347	3.94	0.0	556.5	13.61455	483.75	597.63	2.6104166666666666	2.0875	0.5229166666666667	1.16	2.425	665.0	1.77	2.97	6.88171769496096	396572.0	121150.0	0.0	0.0	0.0	0.0	0.0	0.0	0.0	0.0	0.0	266072.0	83750.0	3.176979104477612	0.0	0.0	0.0	0.0	0.0	0.0	0.0	0.0	0.0	0.0	0.0	0.0	4080.2378781138455	1820897.0	8908.0	886595.0	3732.0	14236.7149957359	5618.13226711491	6.4575	97.3	0.04	0.0	0.0	0.0	0.0	0.0	0.0	0.0	0.0	0.0	0.0	0.0	0.0	2	30
2011	8	36615339.8	36183948.0	28326864.103778332	3.7797309416982356	4.240035995422293	40079.680857142856	28366943.784635477	7817004.215364523	8248396.01536452	4.018942229573182	4.020315746309875	1.476481808019888	2.1069168257565423	18.74	5.198248421009043	5.0832873597763975	12.83829896262307	11.25910606619688	368.6	147.59	3.022439180628697	143.81780762618624	116.54475877687804	115.67028419710024	0	20112.0	0.6793032073113563	0.5113289486497347	3.93	0.0	552.96	13.632652173913044	475.5	597.4	2.5395833333333333	2.095833333333333	0.44375	1.2615	2.7	675.0	1.69	3.1	6.8943498020336005	13234170.0	3255825.0	0.0	0.0	0.0	5400000.0	520000.0	10.384615384615383	0.0	0.0	0.0	297780.0	89550.0	3.325293132328308	0.0	0.0	0.0	0.0	0.0	0.0	0.0	0.0	0.0	3230240.0	1196385.0	2.700000417925668	3984.78576765069	2179980.0	10990.0	1046796.0	4308.0	14236.7149957359	5618.13226711491	6.4036	86.33	0.02	0.0	0.0	0.0	0.0	0.0	0.0	0.0	0.0	0.0	0.0	0.0	0.0	2	31
2011	9	36178460.7	35673108.7	32537476.86443408	3.779161172802414	4.113848408820109	722922.6668747189	33260399.531308796	2412709.1686912067	2918061.1686912067	3.8297247951004296	3.8159370631997995	1.4521504898923203	2.1062116423750843	19.558	5.418852934003989	4.99653683389647	11.743424432658385	9.276726475756764	165.5	147.63	2.0519622277005176	137.80272599011812	111.6703537927546	110.83245351537266	0	20112.0	0.6793032073113563	0.5113289486497347	3.83	2.6209677419354844	531.95	13.401904761904762	508.75	587.88	2.5416666666666665	2.1020833333333333	0.4395833333333333	1.2898	2.7	675.0	1.59	2.58	6.4960364047876284	5712362.300000001	1869611.8	0.0	0.0	0.0	0.0	0.0	0.0	901500.0	253600.0	3.5548107255520507	0.0	0.0	0.0	0.0	0.0	0.0	0.0	0.0	0.0	0.0	0.0	0.0	4651708.9	1558261.8	2.985190871007683	3824.899526784111	1750602.0	9255.0	584021.0	1977.0	14236.7149957359	5618.13226711491	6.3885	85.52	0.01	0.0	0.0	0.0	0.0	0.0	0.0	0.0	0.0	0.0	0.0	0.0	0.0	2	32
2011	10	35888995.0	35235112.6	21497218.955523085	3.6221664652066417	4.056546631274848	986456.8102487796	22483675.765771866	12751436.834228136	13405319.234228134	4.181962587413788	4.174827707048221	1.459578341436946	2.042358889896404	19.91	5.530439443718046	4.988438856732352	12.301626960836453	9.657493639492262	404.0	148.87	2.275763409663288	135.27355738404913	109.60803019285912	108.78493857132864	0	20113.0	0.6723082272142883	0.549668606709271	3.92	2.6880539381311	491.42	12.14745238095238	493.5	571.4	2.520833333333333	2.0166666666666666	0.5041666666666667	1.2681	2.575	675.0	1.97	3.16	6.343851589315019	356953.4	117430.0	0.0	0.0	0.0	0.0	0.0	0.0	0.0	0.0	0.0	0.0	0.0	0.0	0.0	0.0	0.0	0.0	0.0	0.0	0.0	0.0	0.0	0.0	0.0	0.0	3974.6717203066833	1678769.0	7538.0	362145.0	1375.0	14236.7149957359	5618.13226711491	6.371	86.32	0.02	0.0	0.0	0.0	0.0	0.0	0.0	0.0	0.0	0.0	0.0	0.0	0.0	3	33
2011	11	48867888.199999996	47964419.2	26180918.029504992	3.672567883129918	4.221612989099904	409136.3465714285	26590054.37607642	21374364.823923584	22277833.823923577	4.219529087196838	4.23719605038225	1.507560539624507	2.0485377562229528	19.884	4.887671844128808	5.015977336744197	13.85044928097196	9.79818479773297	296.3	149.59	1.9738427265169964	135.44733896280798	109.74841335723178	108.9242453056999	0	20113.0	0.6723082272142883	0.549668606709271	4.2	2.714719395403799	478.35	11.713690476190475	481.25	563.5	2.54375	2.0166666666666666	0.5270833333333333	1.2393	2.525	615.0	2.15	3.18	6.1543951816884075	16293773.9	3501114.0	0.0	0.0	0.0	12136335.5	2050594.0	5.918448751922614	0.0	0.0	0.0	0.0	0.0	0.0	0.0	0.0	0.0	0.0	0.0	0.0	0.0	0.0	0.0	3714638.4	1250720.0	2.97	4173.86420583295	2245899.0	10425.0	347563.0	1231.0	14236.7149957359	5618.13226711491	6.3564	97.16	0.01	0.0	0.0	0.0	0.0	0.0	0.0	0.0	0.0	0.0	0.0	0.0	0.0	3	34
2011	12	50238450.0	49032363.0	34867283.28632317	3.5392930189026375	4.226963780645508	1030201.197097835	35897484.483421005	13134878.516578995	14340965.516578995	3.9016582756567684	3.907489575003455	1.455818545452492	2.109991195007493	19.965	5.309947962509645	4.715376326306898	12.778269620235156	10.23130005854761	239.6	149.52	0.8762001782616496	134.89781557407832	109.3031530776457	108.48232875825376	0	20113.0	0.6723082272142883	0.549668606709271	4.22	2.6707646960263847	483.03	11.440809523809524	423.13	488.75	2.495833333333333	1.91875	0.5770833333333333	1.2601	2.45	600.0	2.2	3.09	5.8362373770793265	19775790.01	5591375.0	0.0	0.0	0.0	6600000.0	1000000.0	6.6	0.0	0.0	0.0	359945.0	147850.0	2.4345282380791344	0.0	0.0	0.0	0.0	0.0	0.0	0.0	0.0	0.0	12776339.0	4429345.0	2.88447592138341	3961.738755551398	2124575.0	10006.0	293894.0	903.0	14236.7149957359	5618.13226711491	6.3482	98.56	0.01	0.0	0.0	0.0	0.0	0.0	0.0	0.0	0.0	0.0	0.0	0.0	0.0	3	35
2012	1	41259936.8	40345574.4	26291972.388906427	3.4953626538329816	4.294820977421088	771054.3749904986	27063026.763896927	13282547.636103071	14196910.03610307	3.8871737643307114	3.8881719738582157	1.518466788403292	2.085587424282364	19.624	5.564271253370745	5.020902258460471	13.909583772861588	11.322668112418404	142.3	158.2	1.5515420586034925	148.70304444604218	123.30404322142064	122.32896416657552	0	20120.0	0.5693326836479726	0.4442846714526341	4.26	2.766164807299792	503.18	12.049875	368.0	451.4	2.466666666666667	1.8875	0.58125	1.2601	2.425	600.0	2.24	3.23	6.025032141076232	199625.2	86148.0	0.0	0.0	0.0	0.0	0.0	0.0	0.0	0.0	0.0	39650.0	22200.0	1.786036036036036	0.0	0.0	0.0	0.0	0.0	0.0	0.0	0.0	0.0	0.0	0.0	0.0	3761.037149888957	2026976.0	7842.0	590100.0	1655.0	15171.5801734227	6316.91831760216	6.3172	100.27	0.03	0.0	0.0	0.0	0.0	0.0	0.0	0.0	0.0	0.0	0.0	0.0	0.0	0	36
2012	2	35757378.9	34971198.5	24482825.741974976	3.547843339618457	4.403321420619927	905474.8368950628	25388300.57887004	9582897.92112996	10369078.32112996	4.0774610359764125	4.051647390110374	1.5898334969085255	2.048721573455968	19.436	5.357645581745145	4.896372549703073	13.377750810389395	11.85674343859326	637.0	158.49	0.8024557801300403	150.14141511674887	124.49673513980028	123.51222436740473	0	20120.0	0.5693326836479726	0.4442846714526341	4.31	2.847587385013089	522.96	12.5688	375.0	435.5	2.4791666666666665	1.93125	0.5479166666666667	1.2556	2.5	625.0	2.26	3.37	6.024483756242084	88274.04000000001	47470.0	0.0	0.0	0.0	0.0	0.0	0.0	0.0	0.0	0.0	46500.0	19750.0	2.354430379746836	0.0	0.0	0.0	0.0	0.0	0.0	0.0	0.0	0.0	0.0	0.0	0.0	3991.007020364456	1714833.0	7402.0	697394.0	1748.0	15171.5801734227	6316.91831760216	6.2997	102.2	0.09	0.0	0.0	0.0	0.0	0.0	0.0	0.0	0.0	0.0	0.0	0.0	0.0	0	37
2012	3	42352997.2	41249320.2	34543711.45712405	3.712122396572247	4.577192555651964	366618.5050932821	34910329.96221733	6338990.237782672	7442667.237782672	3.8108720672071827	3.7994452750945666	1.6121318933638162	2.088969603663514	19.528	5.637239330540202	4.951270079611173	14.471537389998888	11.737665124696218	319.5	158.94	0.2076476365475	149.50624056376816	123.97971026561883	122.99984169173776	0	20120.0	0.5693326836479726	0.4442846714526341	4.35	2.7287864023575854	547.46	13.52375	393.13	442.88	2.525	2.0229166666666667	0.5020833333333333	1.3018	2.75	700.0	2.24	3.29	6.145632334022933	164260.04	63200.0	0.0	0.0	0.0	0.0	0.0	0.0	0.0	0.0	0.0	102686.0	23599.99	4.351103538603194	0.0	0.0	0.0	0.0	0.0	0.0	0.0	0.0	0.0	0.0	0.0	0.0	3872.1934737513952	1709626.0	9490.0	642498.0	2249.0	15171.5801734227	6316.91831760216	6.3125	106.16	0.08	0.0	0.0	0.0	0.0	0.0	0.0	0.0	0.0	0.0	0.0	0.0	0.0	0	38
2012	4	41230751.699999996	40308820.4	28589109.98938887	3.6572828854004373	4.37296995717187	741287.2662990233	29330397.255687892	10978423.144312106	11900354.444312103	3.930780073823996	3.9092682329558968	1.5918038770198262	2.067406401040861	19.681	5.56834112768653	4.942370825152837	12.887955951794153	12.078609301906948	230.2	159.48	-0.3028823721441013	148.37807891951846	123.04873155957895	122.07648236320529	0	20121.0	0.5640301145384958	0.49643232273028426	4.29	2.5381657230874146	583.83	14.408575	494.38	478.0	2.4625	1.9729166666666669	0.4895833333333333	1.329	2.65	700.0	2.26	3.19	6.123539560483835	20130019.0	3040250.0	0.0	0.0	0.0	20080619.0	3021250.0	6.64646057095573	0.0	0.0	0.0	49400.0	19000.0	2.6	0.0	0.0	0.0	0.0	0.0	0.0	0.0	0.0	0.0	0.0	0.0	0.0	3790.194912309885	1373777.0	6717.0	526211.0	2152.0	15171.5801734227	6316.91831760216	6.3043	103.32	0.08	0.0	0.0	0.0	0.0	0.0	0.0	0.0	0.0	0.0	0.0	0.0	0.0	1	39
2012	5	49761095.5	48670214.2	31675236.262855627	3.5939194368287786	4.0499324471024165	116640.4838640529	31791876.74671968	16878337.453280322	17969218.75328032	3.8122129604225163	3.8071178939054358	1.4936429325408018	1.889847640414308	20.227	5.394014012312394	4.723564878088463	14.308231678416629	12.506873601444038	182.5	160.68	-0.1591342459447317	144.37281708681675	119.72720056479328	118.78119589609156	0	20121.0	0.5640301145384958	0.49643232273028426	4.22	2.59844942054802	577.48	14.18909090909091	513.13	490.5	2.404166666666667	1.91875	0.4875	1.2997	2.5	660.0	2.23	3.15	5.95874598340653	66435.6	30800.0	0.0	0.0	0.0	0.0	0.0	0.0	0.0	0.0	0.0	0.0	0.0	0.0	0.0	0.0	0.0	0.0	0.0	0.0	0.0	0.0	0.0	0.0	0.0	0.0	3821.709716336172	1359905.0	7390.0	591958.0	2135.0	15171.5801734227	6316.91831760216	6.3242	94.66	0.09	0.0	0.0	0.0	0.0	0.0	0.0	0.0	0.0	0.0	0.0	0.0	0.0	1	40
2012	6	42333225.0	41419449.5	33805231.54402352	3.4123404618571764	3.597914406890203	226764.5942720238	34031996.138295546	7387453.361704454	8301228.861704454	3.6826527362869204	3.6750968440553144	1.3366431419773597	1.9331471160193805	21.687	4.92098162154939	4.853412596884279	12.169238655684332	11.485799739753174	310.6	160.7	-1.201107984854445	134.65343160488047	111.66699339807596	110.78467512289592	0	20121.0	0.5640301145384958	0.49643232273028426	4.12	2.608871177706165	578.01	14.193738095238094	456.88	501.63	2.3375	1.85	0.4875	1.3055	2.55	675.0	2.1	2.86	5.517229525029329	5908200.0	1901220.0	0.0	0.0	0.0	0.0	0.0	0.0	0.0	0.0	0.0	0.0	0.0	0.0	0.0	0.0	0.0	0.0	0.0	0.0	0.0	0.0	0.0	5770000.0	1872320.0	3.0817381644163397	3718.131347870734	1868629.0	10560.0	430124.0	1808.0	15171.5801734227	6316.91831760216	6.3633	82.3	0.09	0.0	0.0	0.0	0.0	0.0	0.0	0.0	0.0	0.0	0.0	0.0	0.0	1	41
2012	7	40687172.7	39873708.1	27198791.288844936	3.4267495597456117	3.75910291021694	524661.2059747863	27723452.494819723	12150255.605180278	12963720.20518028	3.7828650818146214	3.765196861965002	1.4092510213594374	1.7059873844598274	21.791	5.38167182954728	4.937198464289208	13.946806366459835	12.490343568592673	189.4	163.1	0.1311964111267903	134.01078294777858	111.13405010435842	110.25594279244844	0	20122.0	0.6093384064656474	0.46869076812077837	4.03	2.66839723002971	670.19	16.316809523809525	307.5	436.88	2.3666666666666667	1.875	0.4916666666666666	1.3308	2.625	670.0	2.06	2.92	5.520963636449722	17825646.15	4705550.0	0.0	0.0	0.0	6930000.0	1050000.0	6.6	0.0	0.0	0.0	10500.0	2900.0	3.6206896551724137	0.0	0.0	0.0	0.0	0.0	0.0	0.0	0.0	0.0	10724590.55	3611450.0	2.9696079275637213	3665.854821369777	3174889.0	14463.0	956776.0	3424.0	15171.5801734227	6316.91831760216	6.3717	87.9	0.1	0.0	0.0	0.0	0.0	0.0	0.0	0.0	0.0	0.0	0.0	0.0	0.0	2	42
2012	8	39568627.4	38863602.5	30472640.36427241	3.5526387260033343	3.9902546361140048	292942.32685714285	30765582.69112955	8098019.80887045	8803044.708870448	3.8296257751025955	3.820613839439438	1.5084496817869597	1.7884912352894808	21.295	5.437310679544249	4.6890997381918496	14.617805007036742	12.614261237157812	560.2	164.62	0.5777789419989677	137.13214234397947	113.72256801240071	112.82400795446084	0	20122.0	0.6093384064656474	0.46869076812077837	4.1	2.7609565999553705	684.02	16.800608695652173	382.5	504.5	2.408333333333333	1.9625	0.4458333333333333	1.3457	2.7	675.0	2.13	2.99	5.661563785389387	7138949.67	1082373.0	0.0	0.0	0.0	7062489.67	1050000.0	6.726180638095238	0.0	0.0	0.0	76460.0	32373.0	2.361844747165848	0.0	0.0	0.0	0.0	0.0	0.0	0.0	0.0	0.0	0.0	0.0	0.0	3740.7479910265833	4912228.0	20225.0	1541883.0	5281.0	15171.5801734227	6316.91831760216	6.3593	94.13	0.1	0.0	0.0	0.0	0.0	0.0	0.0	0.0	0.0	0.0	0.0	0.0	0.0	2	43
2012	9	34684168.300000004	34204940.4	24324331.836901918	3.6937062775995955	4.222597996848172	30189.100197294567	24354520.93709921	9850419.462900788	10329647.362900794	3.897000515227723	3.897366261719045	1.5374386629314236	1.8004052196891214	21.207	5.3964352349327065	4.68790180846767	13.321152188509616	11.551599836101593	293.0	164.25	-0.8713603922379078	139.56080704673735	116.17158514627288	115.23157065583882	0	20122.0	0.6093384064656474	0.46869076812077837	4.06	2.8076994303250498	677.32	16.756184210526317	384.38	527.38	2.433333333333333	2.0458333333333334	0.3875	1.3651	2.8	705.0	2.14	3.43	5.566287504211821	3870133.0	1331210.0	0.0	0.0	0.0	0.0	0.0	0.0	0.0	0.0	0.0	0.0	0.0	0.0	0.0	0.0	0.0	0.0	0.0	0.0	0.0	0.0	0.0	3870133.0	1331210.0	2.9072295129994514	3834.342046301452	5274600.0	21135.0	1354690.0	4366.0	15171.5801734227	6316.91831760216	6.32	94.51	0.11	0.0	0.0	0.0	0.0	0.0	0.0	0.0	0.0	0.0	0.0	0.0	0.0	2	44
2012	10	41350985.4	40502948.699999996	26386509.94608591	3.769336456792343	4.46935805659684	0.0	26386509.94608591	14116438.753914084	14964475.453914087	4.001806044670316	4.001806044670316	1.5523036372179304	1.8644896611047792	20.128	5.451143502032938	4.913675188879479	14.199364990982696	12.113205595154628	686.8	165.87	-0.3362215915838485	153.39281606526475	129.15759779007576	128.0365860033942	0	20123.0	0.5931135687198862	0.4079647996764437	4.07	2.786142037625079	625.76	15.393065217391303	349.0	533.5	2.504166666666667	2.0854166666666667	0.4208333333333333	1.3009	2.75	675.0	2.4	3.71	5.754749699137473	5529064.05	1874259.0	0.0	0.0	0.0	0.0	0.0	0.0	0.0	0.0	0.0	0.0	0.0	0.0	0.0	0.0	0.0	0.0	0.0	0.0	0.0	0.0	0.0	5529064.05	1874259.0	2.95	3925.037970595012	7726241.0	28095.0	1301230.0	4039.0	15171.5801734227	6316.91831760216	6.2627	89.49	0.1	0.0	0.0	0.0	0.0	0.0	0.0	0.0	0.0	0.0	0.0	0.0	0.0	3	45
2012	11	50101970.5	48905142.8	30582058.100511506	3.712852577647519	4.3953544908537765	147628.57142857142	30729686.671940077	18175456.12805992	19372283.828059923	3.9909001607876586	3.9871780728178186	1.5169922134755995	1.925370166804598	19.77	5.344429459432563	4.722345470498916	13.709855973088423	11.537691426683608	196.1	166.58	-0.7168046560388437	156.14919352633143	131.47538364720185	130.33407109811614	0	20123.0	0.5931135687198862	0.4079647996764437	4.29	2.8424372964730824	584.59	14.484880952380951	383.5	487.88	2.529166666666667	2.027083333333333	0.5	1.229	2.575	665.0	2.45	3.76	5.574418788616321	10949039.6	3731220.0	0.0	0.0	0.0	0.0	0.0	0.0	0.0	0.0	0.0	0.0	0.0	0.0	0.0	0.0	0.0	0.0	0.0	0.0	0.0	0.0	0.0	6911891.0	2351220.0	2.939704068526127	3961.514476494653	15812160.0	61913.0	2601298.0	8443.0	15171.5801734227	6316.91831760216	6.2338	86.53	0.09	21953.55	2.5842175866773256	0.0	0.0	0.0	0.0	31832.59059308414	1.782222211356106	0.0	0.0	0.0	0.0	3	46
2012	12	45703560.2	44457976.5	37855712.66451651	3.653180676063833	4.40647252836892	588870.554470942	38444583.21898745	6013393.28101255	7258976.981012553	3.753243824184195	3.7416385684046674	1.5223359191334835	1.9846358270955289	19.302	5.075684621594515	4.635230516824644	13.621365706171606	11.666840953864488	665.0	168.71	0.3168904143970874	159.93521686952502	134.6631610561175	133.49417602371548	0	20123.0	0.5931135687198862	0.4079647996764437	4.37	2.917479228238677	591.29	14.547575	375.83	472.83	2.4604166666666667	1.9854166666666664	0.475	1.1861	2.475	675.0	2.44	4.06	4.970630268455124	6683660.0	1021500.0	0.0	0.0	0.0	6636300.0	1005500.0	6.6	0.0	0.0	0.0	47360.0	16000.0	2.96	0.0	0.0	0.0	0.0	0.0	0.0	0.0	0.0	0.0	0.0	0.0	0.0	3691.993709300362	14432550.0	59395.0	3263162.0	12112.0	15171.5801734227	6316.91831760216	6.2328	87.86	0.07	0.0	0.0	0.0	0.0	0.0	0.0	0.0	0.0	0.0	0.0	0.0	0.0	3	47
2013	1	45046797.6	44105883.5	27852208.563646886	3.75423037882463	4.584823689814355	73814.28571428571	27926022.849361174	16179860.650638826	17120774.750638828	4.021121000035539	4.019157643144587	1.546316853812946	1.974787214678076	19.326	5.531754723650478	4.86477222713709	13.082193198575082	11.851096936944344	188.7	176.81	1.652518489134733	159.73660126335363	134.49592956148092	133.32839623355875	0	20130.0	0.5183264482402882	0.4428457104451147	4.36	2.9142978137027185	595.3	14.189880952380951	380.0	462.25	2.5104166666666665	2.03125	0.4791666666666667	1.1861	2.55	690.0	2.46	3.69	5.011648346079101	14053334.6	5236936.2	0.0	0.0	0.0	0.0	0.0	0.0	0.0	0.0	0.0	0.0	0.0	0.0	0.0	0.0	0.0	0.0	0.0	0.0	0.0	0.0	0.0	13926503.0	5178136.2	2.6894817869023995	3941.9957454194873	18488523.0	75788.0	4715526.0	17166.0	16973.6892364718	7050.64627124287	6.2215	94.76	0.07	0.0	0.0	0.0	0.0	0.0	0.0	0.0	0.0	0.0	0.0	0.0	0.0	0	48
2013	2	47716190.400000006	46835118.8	32549632.327317633	3.7813615346012535	4.642353000152841	0.0	32549632.327317633	14285486.472682364	15166558.072682373	3.969828693934391	3.969828693934391	1.595662921961912	1.9721243931313484	19.111	5.515466337480962	4.779160607135916	15.17077527745667	11.764839570071668	436.0	177.55	1.2847698293525582	171.17207913127467	144.79131482728565	143.50929111187403	0	20130.0	0.5183264482402882	0.4428457104451147	4.35	2.8676927723593004	610.73	14.577763157894736	415.63	464.5	2.535416666666667	2.04375	0.4916666666666666	1.1861	2.615	690.0	2.48	3.5	5.105352187214043	156831.6	60930.0	0.0	0.0	0.0	0.0	0.0	0.0	0.0	0.0	0.0	0.0	0.0	0.0	0.0	0.0	0.0	0.0	0.0	0.0	0.0	0.0	0.0	0.0	0.0	0.0	3879.037880333424	9433128.0	38926.0	3757938.0	13599.0	16973.6892364718	7050.64627124287	6.2323	95.31	0.1	0.0	0.0	0.0	0.0	0.0	0.0	0.0	0.0	0.0	0.0	0.0	0.0	0	49
2013	3	47160727.699999996	46137740.7	35195924.1842235	3.807042940223554	4.630847465802318	296041.1639364674	35491965.34815997	10645775.351840034	11668762.351840027	3.725291216279593	3.71667770606905	1.5077057947564036	1.9080509429706745	18.997	5.408443642302536	4.671582668685135	14.408910760281335	11.85651019469482	253.90000000000003	177.32	-0.0587006955387033	172.28417359746862	145.74501523343446	144.4553030266446	0	20130.0	0.5183264482402882	0.4428457104451147	4.29	2.757000942319467	584.7	14.454125	395.63	467.63	2.529166666666667	2.05625	0.4729166666666666	1.3009	2.7	700.0	2.43	3.51	5.1213472248133725	0.0	0.0	0.0	0.0	0.0	0.0	0.0	0.0	0.0	0.0	0.0	0.0	0.0	0.0	0.0	0.0	0.0	0.0	0.0	0.0	0.0	0.0	0.0	0.0	0.0	0.0	3784.2548092685615	21710765.0	93248.0	3833562.0	14477.0	16973.6892364718	7050.64627124287	6.2154	92.94	0.09	0.0	0.0	0.0	0.0	0.0	0.0	0.0	0.0	0.0	0.0	0.0	0.0	0	50
2013	4	50766849.6	49695026.1	32248286.389829688	3.774280244495133	4.546044620787985	4263.157894736842	32252549.547724426	17442476.552275576	18514300.052275576	3.8885975920886167	3.887844147574322	1.4637082381436657	1.8912458800184375	18.983	5.2313029142059415	4.746710118695869	13.782584393085752	11.801621396187077	327.4	180.01	1.5121069144610113	173.7665672679606	146.52990551829325	145.0864116417385	0	20131.0	0.5386454969340319	0.4097630607316349	4.27	2.684568651202763	563.88	14.036045454545455	365.63	461.13	2.5	2.0145833333333334	0.4854166666666666	1.2457	2.675	675.0	2.51	3.37	5.086774854974953	14965.0	1600.0	0.0	0.0	0.0	0.0	0.0	0.0	0.0	0.0	0.0	14965.0	1600.0	9.353125	0.0	0.0	0.0	0.0	0.0	0.0	0.0	0.0	0.0	0.0	0.0	0.0	3745.170991008356	25605601.0	112906.0	6408632.0	25308.0	16973.6892364718	7050.64627124287	6.1861	92.02	0.06	22127.53	3.891548220700639	0.0	0.0	0.0	0.0	34407.97415975091	2.5026277222891107	0.0	0.0	0.0	0.0	1	51
2013	5	48316768.5	47269722.0	35957664.42445872	3.723804312494158	4.349543238101772	296615.17533161835	36254279.599790335	11015442.400209665	12062488.900209665	3.6546134537111654	3.6456588623935167	1.4581962588503377	1.8639737474479208	19.244	5.328397760161337	4.779357781618587	15.549758624411206	12.033514587436668	450.1	180.65	1.027192659351671	171.40982885302932	144.54256892817295	143.11865268110174	0	20131.0	0.5386454969340319	0.4097630607316349	4.1	2.6644084283366705	498.01	14.379431818181818	358.13	421.25	2.470833333333333	1.9916666666666667	0.4791666666666667	1.2363	2.575	690.0	2.46	3.29	5.072342050685385	220960.93	45780.0	0.0	0.0	0.0	0.0	0.0	0.0	0.0	0.0	0.0	94730.93	31290.0	3.0275145413870246	0.0	0.0	0.0	0.0	0.0	0.0	0.0	0.0	0.0	0.0	0.0	0.0	3649.58287120122	25629318.0	113436.0	6376275.0	24866.0	16973.6892364718	7050.64627124287	6.1416	94.51	0.04	0.0	0.0	0.0	0.0	0.0	0.0	0.0	0.0	0.0	0.0	0.0	0.0	1	52
2013	6	31276220.3	30377525.5	25986768.283917777	3.5468754148457546	4.109973956225636	337076.1148856952	26323844.398803473	4053681.1011965275	4952375.901196528	3.676268998323009	3.6621992407919497	1.4393619884752178	1.7457080606773627	20.656	4.881219460760646	4.341486344405634	14.4168533013503	12.096898645369231	102.1	179.74	-1.0134434608667413	159.69261940587222	134.66194793056547	133.33536755398538	0	20131.0	0.5386454969340319	0.4097630607316349	3.93	2.650123899892414	524.66	15.1254	329.38	424.13	2.40625	1.9354166666666663	0.4708333333333333	1.1994	2.5	670.0	2.28	3.18	4.84435465920358	44400.0	13750.0	0.0	0.0	0.0	0.0	0.0	0.0	0.0	0.0	0.0	44400.0	13750.0	3.229090909090909	0.0	0.0	0.0	0.0	0.0	0.0	0.0	0.0	0.0	0.0	0.0	0.0	3589.7535464930475	25144910.0	109521.0	6438076.0	24355.0	16973.6892364718	7050.64627124287	6.1342	95.77	0.05	0.0	0.0	0.0	0.0	0.0	0.0	0.0	0.0	0.0	0.0	0.0	0.0	1	53
2013	7	35510928.300000004	34768925.4	26967523.77797231	3.557520457094714	4.223810644736731	221271.2470784385	27188795.02505075	7580130.37494925	8322133.274949256	3.747312078969555	3.738919481081899	1.4753980005245664	1.7812708387639056	21.045	4.78472857649821	4.869238179667781	13.835485194624615	11.689874008599562	238.9	181.87	-0.0198014461942202	156.7408290067805	132.17282948224093	130.87076988335102	0	20132.0	0.5036127073391943	0.33990038216757085	3.94	2.688036250926901	511.3	14.253477272727272	312.5	409.63	2.4229166666666666	1.9708333333333332	0.4541666666666666	1.1994	2.475	675.0	2.23	3.34	4.850773751306555	7000.0	2100.0	0.0	0.0	0.0	0.0	0.0	0.0	0.0	0.0	0.0	7000.0	2100.0	3.333333333333333	0.0	0.0	0.0	0.0	0.0	0.0	0.0	0.0	0.0	0.0	0.0	0.0	3626.2909043324353	26183458.0	114650.0	7078322.0	27544.0	16973.6892364718	7050.64627124287	6.1343	104.67	0.04	25962.35	3.986010511375126	0.0	0.0	0.0	0.0	38829.92680986475	2.665114474892837	0.0	0.0	0.0	0.0	2	54
2013	8	32046788.7	31409662.3	22466589.722137947	3.6267720255400513	4.265814328781199	73814.28571428571	22540404.007852234	8869258.292147767	9506384.692147765	3.832491260578399	3.8294375084984136	1.4843978395574515	1.8227022055656088	21.834	4.967572674852787	4.754948041045619	14.47001690171656	12.373963639831844	188.4	182.39	-0.6418812966307675	151.07679520233106	127.39659230804068	126.14158432697268	0	20132.0	0.5036127073391943	0.33990038216757085	3.95	2.7125022447085003	511.71	12.957204545454545	310.63	400.38	2.497916666666667	2.0145833333333334	0.4833333333333333	1.2234	2.525	675.0	2.17	3.26	4.796662047106309	0.0	0.0	0.0	0.0	0.0	0.0	0.0	0.0	0.0	0.0	0.0	0.0	0.0	0.0	0.0	0.0	0.0	0.0	0.0	0.0	0.0	0.0	0.0	0.0	0.0	0.0	3820.8180024440094	28076458.0	122042.0	7609029.0	29169.0	16973.6892364718	7050.64627124287	6.1213	106.57	0.04	23213.28	3.802824073116768	0.0	0.0	0.0	0.0	34718.35035799522	2.5426329042062648	0.0	0.0	0.0	0.0	2	55
2013	9	29276481.5	28753187.8	20675968.709501058	3.459110010744618	4.188267787695943	147514.164718959	20823482.874220017	7929704.925779983	8452998.625779983	3.8542931883582083	3.8495080602160914	1.4994824617025178	1.8218984325780057	22.124	5.422130199432573	4.535550575045489	15.38622389864619	14.92731384440916	584.4000000000001	182.63	-1.54968301217635	149.09649007628352	125.72668579161818	124.48812837620328	0	20132.0	0.5036127073391943	0.33990038216757085	3.99	2.775018497848707	560.18	13.438125	301.0	374.8	2.4520833333333334	1.9333333333333331	0.51875	1.2063	2.4000000000000004	660.0	2.14	3.04	4.770024290960671	12625829.99	4487090.0	0.0	0.0	0.0	0.0	0.0	0.0	0.0	0.0	0.0	44099.990000000005	13590.0	3.245032376747609	0.0	0.0	0.0	12581730.0	4473500.0	2.812502514809433	0.0	0.0	0.0	0.0	0.0	0.0	3777.772956868034	29113303.0	122239.0	6794911.0	25763.0	16973.6892364718	7050.64627124287	6.1198	106.29	0.02	258776.93	4.29008095891701	0.0	0.0	0.0	0.0	369143.25486161263	3.0074340120780234	0.0	0.0	0.0	0.0	2	56
2013	10	35812980.0	34953183.8	25330897.080680165	3.4559460032078686	4.287772993911258	72499.87039245166	25403396.95107262	9549786.848927379	10409583.048927382	3.7368401246822938	3.735534226388291	1.50231402681794	1.9083891619053257	21.611	5.024267218509431	4.755269724230704	15.005235718162908	16.017391358898198	256.6	183.63	-1.7032065928310096	152.54752954400948	128.62306268088423	127.35509944468718	0	20133.0	0.4495622018457497	0.3033144953542989	4.04	2.8668145170875645	540.85	12.858804347826087	296.88	370.0	2.4875	1.925	0.5645833333333333	1.1737	2.3	615.0	2.18	3.3	5.034742400608975	0.0	0.0	0.0	0.0	0.0	0.0	0.0	0.0	0.0	0.0	0.0	0.0	0.0	0.0	0.0	0.0	0.0	0.0	0.0	0.0	0.0	0.0	0.0	0.0	0.0	0.0	3591.33674343366	27260112.0	115933.0	4904711.0	18333.0	16973.6892364718	7050.64627124287	6.1032	100.54	0.05	257365.33	4.352210804773121	0.0	0.0	0.0	0.0	366185.0980957397	3.0588578722205284	0.0	0.0	0.0	0.0	3	57
2013	11	42407705.900000006	41290484.900000006	24154830.615405507	3.336987602487565	4.201052348319014	0.0	24154830.615405507	17135654.2845945	18252875.2845945	4.074287626642827	4.074287626642827	1.4862129838171405	1.9316762540007129	21.318	4.741689291514956	4.674017170870801	18.242236728888024	16.076426455219156	588.6	185.88	-0.6124520385947122	154.62698686917662	130.3737131734566	129.0883217434482	0	20133.0	0.4495622018457497	0.3033144953542989	4.14	2.914198537137213	551.32	12.931875	305.0	334.38	2.5458333333333334	1.8479166666666669	0.6979166666666666	1.1668	2.3	605.0	2.24	3.53	5.151465385325588	0.0	0.0	0.0	0.0	0.0	0.0	0.0	0.0	0.0	0.0	0.0	0.0	0.0	0.0	0.0	0.0	0.0	0.0	0.0	0.0	0.0	0.0	0.0	0.0	0.0	0.0	3963.4227366615314	27397912.0	118028.0	5684707.0	21733.0	16973.6892364718	7050.64627124287	6.0929	93.86	0.07	191766.3	4.051774529727069	0.0	0.0	0.0	0.0	272510.0052631579	2.8512487431412707	0.0	0.0	0.0	0.0	3	58
2013	12	39040412.300000004	37959460.4	25408541.213717356	3.304279508957404	4.127488619109334	72499.87039245166	25481041.08410981	12478419.31589019	13559371.215890195	3.9927559185737365	3.9921842323335652	1.524231188896151	1.9481542539929448	21.331	5.014555410374392	4.542496167350065	16.49052961184877	16.71772894301902	88.89999999999999	187.78	0.1225806505325345	154.53275074197683	130.2942580015821	129.0096499426576	0	20133.0	0.4495622018457497	0.3033144953542989	4.18	2.9180333667901786	564.03	13.281547619047618	305.0	341.63	2.5375	1.8020833333333333	0.7354166666666667	1.1686	2.25	600.0	2.24	3.68	5.164764517948632	2884375.0	1294750.0	2884375.0	1294750.0	2.2277466692411663	0.0	0.0	0.0	0.0	0.0	0.0	0.0	0.0	0.0	0.0	0.0	0.0	0.0	0.0	0.0	0.0	0.0	0.0	0.0	0.0	0.0	3825.183844714723	30179576.0	132440.0	6732427.0	25393.0	16973.6892364718	7050.64627124287	6.0738	97.63	0.07	67037.31	3.805580355178333	0.0	0.0	0.0	0.0	95263.54578947368	2.6780009906810487	0.0	0.0	0.0	0.0	3	59
2014	1	41897118.2	40793270.1	24171298.617141854	3.264619439285893	4.053220152024502	516075.2497289002	24687373.866870753	16105896.233129248	17209744.33312925	4.081134747394292	4.0806661186192885	1.510106654497382	2.0082009237369585	21.619	4.926229585026204	4.488127513756189	19.72397500613259	16.73904406275984	811.0	193.07	-4.029838413667374	161.5854714381984	138.77528127937788	137.04632853440796	0	20140.0	0.4509061355521142	0.45119296322338986	4.18	3.072263946070669	565.5	12.85154761904762	330.0	403.38	2.5229166666666667	1.7979166666666666	0.7270833333333333	1.1655	2.25	600.0	2.21	3.48	5.1238892865760715	0.0	0.0	0.0	0.0	0.0	0.0	0.0	0.0	0.0	0.0	0.0	0.0	0.0	0.0	0.0	0.0	0.0	0.0	0.0	0.0	0.0	0.0	0.0	0.0	0.0	0.0	4133.244669974877	26824524.0	118056.0	6385302.0	24593.0	16831.9481943721	7678.59948587722	6.0509	94.62	0.04	253639.25	3.363763297675734	0.0	0.0	0.0	0.0	363097.86394970136	2.3497312562493846	0.0	0.0	0.0	0.0	0	60
2014	2	36154482.4	35227348.9	26444343.22547662	3.3091507991054074	4.012041920204417	231383.030352476	26675726.255829096	8551622.644170903	9478756.144170903	3.8907973730357277	3.8890085022388168	1.4893257884465037	1.973668897438164	22.338	4.783806087143067	4.346041610392949	20.56893271521594	18.074606788090136	791.3000000000001	194.32	-3.956249454758271	157.04797580921783	133.53293966823483	132.04406429817723	0	20140.0	0.4509061355521142	0.45119296322338986	4.28	3.1662402555600626	490.73	13.516052631578948	353.13	450.13	2.5145833333333334	1.8041666666666667	0.7104166666666667	1.2094	2.125	590.0	2.15	2.97	4.97031818708907	0.0	0.0	0.0	0.0	0.0	0.0	0.0	0.0	0.0	0.0	0.0	0.0	0.0	0.0	0.0	0.0	0.0	0.0	0.0	0.0	0.0	0.0	0.0	0.0	0.0	0.0	3738.516556501563	17824968.0	75148.0	5781007.0	20801.0	16831.9481943721	7678.59948587722	6.0816	100.82	0.05	155375.13999999998	3.330221938979428	0.0	0.0	0.0	0.0	222069.8648625478	2.3300491506142462	0.0	0.0	0.0	0.0	0	61
2014	3	42342158.9	41395563.5	30634163.667093094	3.2675380384083907	3.91378721542499	473944.537870778	31108108.204963874	10287455.295036126	11234050.695036124	3.991302195296713	3.9887505302211808	1.4792221861404045	1.8157079131767024	22.599	5.26948680679192	4.82462331063827	17.266049373348167	17.96600186664073	444.8	194.37	-5.088382360958204	155.30985109302745	132.06713682728812	130.5954611347452	0	20140.0	0.4509061355521142	0.45119296322338986	4.47	3.189619116487315	530.81	14.22202380952381	327.5	486.5	2.520833333333333	1.76875	0.7541666666666667	1.2597	2.2750000000000004	640.0	2.1	2.98	4.857302348078346	12957753.64	3611332.0	5753107.2	2397128.0	2.4	7089781.44	1144604.0	6.194091091766236	0.0	0.0	0.0	114865.0	69600.0	1.650359195402299	0.0	0.0	0.0	0.0	0.0	0.0	0.0	0.0	0.0	0.0	0.0	0.0	3918.582977986624	26910128.0	121115.0	5105952.0	18456.0	16831.9481943721	7678.59948587722	6.1729	100.8	0.05	162394.08000000002	3.678197998350678	0.0	0.0	0.0	0.0	230770.5347368421	2.588361554394922	0.0	0.0	0.0	0.0	0	62
2014	4	48741084.2	47552253.2	33109564.405084807	3.1495379725308155	3.747018485446819	448967.6773668948	33558532.0824517	13993721.117548302	15182552.117548302	4.078142703135828	4.07716516860211	1.4815739379329371	1.8360136156151976	22.813	5.440714109939693	4.776648206207282	20.837048920701253	18.451513806011395	444.3	199.64	-1.0062371322672157	153.8790155906161	130.85458811525118	129.39671915777586	0	20141.0	0.5647814485992124	0.3532618145849852	4.35	3.183339873719113	516.18	14.881119047619048	260.0	409.0	2.5625	1.7291666666666667	0.8333333333333334	1.2456	2.225	615.0	2.06	3.18	4.872469943891913	7807875.0	3180760.0	5541120.0	2308800.0	2.4	0.0	0.0	0.0	0.0	0.0	0.0	343875.0	231000.0	1.4886363636363635	0.0	0.0	0.0	1922880.0	640960.0	3.0	0.0	0.0	0.0	0.0	0.0	0.0	3939.668041710704	29370216.0	127965.0	6621037.0	22942.0	16831.9481943721	7678.59948587722	6.2246	102.07	0.03	103322.01	3.560967890578203	0.0	0.0	0.0	0.0	147058.47057709465	2.5019052527621417	0.0	0.0	0.0	0.0	1	63
2014	5	49489244.9	48492790.4	33953709.41741679	3.168515899798581	3.706572912631546	603883.0495703847	34557592.46698717	13935197.933012828	14931652.433012828	4.101433255380852	4.100760163146649	1.4845642477363032	1.8120849004531383	22.976	4.886451686773043	4.589411568416153	20.420783915410144	18.499670881302915	250.4	199.97	-1.8698137686852825	152.78734256044245	129.92625864698925	128.4787323357565	0	20141.0	0.5647814485992124	0.3532618145849852	4.38	3.036306456422993	519.42	14.810238095238097	265.0	413.56	2.552083333333333	1.7395833333333333	0.8104166666666667	1.1996	2.225	620.0	2.05	3.15	4.899229078341364	14931600.6	6967866.0	13012305.6	5675366.0	2.2927694178666185	0.0	0.0	0.0	0.0	0.0	0.0	1919295.0	1292500.0	1.484947775628627	0.0	0.0	0.0	0.0	0.0	0.0	0.0	0.0	0.0	0.0	0.0	0.0	4060.58923145477	30985604.0	134739.0	9192331.0	30998.0	16831.9481943721	7678.59948587722	6.238	102.18	0.03	143988.77	3.89647102339995	0.0	0.0	0.0	0.0	204615.6205263158	2.741961090540705	0.0	0.0	0.0	0.0	1	64
2014	6	46641023.199999996	45527243.2	36647259.36959971	3.1707239276350467	3.7154727537955194	153709.9742271354	36800969.343826845	8726273.856173158	9840053.85617315	3.9805501287582943	3.9796368342070925	1.491930525430777	1.8348179186336533	22.91	4.831802718098494	4.5425130094080926	17.833649741184896	18.388991448791117	216.0	200.47	-2.5691122702124014	153.22749815227954	130.30055515815036	128.84885875802448	0	20141.0	0.5647814485992124	0.3532618145849852	4.54	3.2095525956198103	511.14	14.311833333333333	288.75	421.38	2.55625	1.7666666666666666	0.7895833333333333	1.152	2.14	600.0	2.04	3.3	4.92132281728991	19795891.85	7668943.0	6036494.4	2515206.0	2.4000000000000004	5940044.0	1041740.0	5.702040816326531	3610833.6	1504514.0	2.4	4208519.85	2607483.0	1.6140162179389088	0.0	0.0	0.0	0.0	0.0	0.0	0.0	0.0	0.0	0.0	0.0	0.0	3922.434727568794	24503684.0	103154.0	8545517.0	29278.0	16831.9481943721	7678.59948587722	6.2306	105.79	0.04	75009.17	3.8941705394153807	0.0	0.0	0.0	0.0	106591.97842105264	2.740342231440453	0.0	0.0	0.0	0.0	1	65
2014	7	36375262.1	35457168.9	28997380.542638563	3.3949104900278715	4.054622512108796	1214471.4423954885	30211851.985034052	5245316.914965946	6163410.114965949	4.096167276713226	4.093462693827142	1.4693173043422505	1.8417312890720896	22.963	4.812268996603528	4.2952735993151006	20.560879058535868	17.561938289528577	512.3	209.52	5.275867363151436	145.85882647234033	124.93341343460992	122.91090615550144	0	20142.0	0.4549384556657693	0.3109900377831366	5.17	3.387465329884661	471.74	12.141409090909091	305.0	440.63	2.5875	1.9145833333333333	0.675	1.1162	2.2	610.0	2.05	3.43	5.070994358659126	13646350.0	5637292.0	13324685.0	5435252.0	2.451530306230512	0.0	0.0	0.0	0.0	0.0	0.0	321665.0	202040.0	1.5920857255988914	0.0	0.0	0.0	0.0	0.0	0.0	0.0	0.0	0.0	0.0	0.0	0.0	3948.211932697936	26691544.0	114253.0	9867719.0	33451.0	16831.9481943721	7678.59948587722	6.1984	103.59	0.03	25010.17	3.7856699894482926	0.0	0.0	0.0	0.0	35540.76789473684	2.663989992574725	0.0	0.0	0.0	0.0	2	66
2014	8	35490419.2	34736527.6	22273246.75588981	3.540159422843405	4.049891313207968	155792.01195485983	22429038.76784467	12307488.832155332	13061380.432155333	4.163187361995587	4.163334234847407	1.4421117305908293	1.806484137236924	23.673	5.215283672746094	4.643713353877841	20.42446804594999	15.399680400799824	102.5	209.72	4.265125131406175	141.48423234420443	121.18641374979714	119.22456545637564	0	20142.0	0.4549384556657693	0.3109900377831366	5.79	3.370844492932184	458.57	10.970119047619049	311.25	446.5	2.629166666666667	1.9958333333333331	0.6333333333333333	1.1016	2.25	610.0	2.02	3.4	5.191816677360164	17143140.0	2208920.0	0.0	0.0	0.0	17143140.0	2208920.0	7.760869565217392	0.0	0.0	0.0	0.0	0.0	0.0	0.0	0.0	0.0	0.0	0.0	0.0	0.0	0.0	0.0	0.0	0.0	0.0	4141.215278992536	29473735.0	125883.0	10757169.0	36953.0	16831.9481943721	7678.59948587722	6.1541	96.54	0.03	138853.69	4.188563083919483	0.0	0.0	0.0	0.0	200810.07238896025	2.8962563136448227	0.0	0.0	0.0	0.0	2	67
2014	9	35486944.9	34763146.8	26120027.456975218	3.608164747018818	4.159289701288764	0.0	26120027.456975218	8643119.34302478	9366917.44302478	4.266619941865314	4.266619941865314	1.3980536983483876	1.8143522015397795	24.279	4.927756495249177	4.26564204412479	17.44570430946724	16.15172308369011	639.0	210.03	3.3586610345518904	137.95280828223366	118.16162002961192	116.24873915930556	0	20142.0	0.4549384556657693	0.3109900377831366	6.17	3.4589179262420857	430.17	9.714761904761904	317.5	438.1	2.6875	2.025	0.6625	1.0874	2.25	605.0	1.99	3.35	5.304954790264817	17060112.09	2747903.62	0.0	0.0	0.0	17060112.09	2747903.62	6.208409918685576	0.0	0.0	0.0	0.0	0.0	0.0	0.0	0.0	0.0	0.0	0.0	0.0	0.0	0.0	0.0	0.0	0.0	0.0	4153.854545257039	26259116.0	112360.0	8192041.0	27562.0	16831.9481943721	7678.59948587722	6.1382	93.21	0.02	274992.18999999994	3.995677040864325	0.0	0.0	0.0	0.0	392283.5913318744	2.800983788971242	0.0	0.0	0.0	0.0	2	68
2014	10	42741296.6	41760799.2	24746061.97616968	3.5782073052160355	4.285592710809125	0.0	24746061.97616968	17014737.223830324	17995234.623830322	4.461405005625409	4.461405005625409	1.3326079500320962	1.7615107346015362	24.28	4.60604055756392	4.062031570125205	19.61815477713522	16.817161205611107	609.5	210.64	2.7464750725885057	137.87111882803583	118.0838281887076	116.1710219190742	0	20143.0	0.4718485948422217	0.32857872964129087	5.95	3.662312501485725	425.81	9.650130434782607	317.5	418.75	2.785416666666667	1.9895833333333333	0.7958333333333333	1.0943	2.15	585.0	2.12	3.95	5.445402299008399	29613942.28	8535211.0	21766313.6	7476011.0	2.9114876369229528	7642440.0	993600.0	7.691666666666666	0.0	0.0	0.0	65670.63	33599.99	1.9544836174058389	0.0	0.0	0.0	0.0	0.0	0.0	0.0	0.0	0.0	0.0	0.0	0.0	4280.391142611092	19331149.0	80463.0	6045098.0	18918.0	16831.9481943721	7678.59948587722	6.1251	84.4	0.02	337491.08	4.553420197061208	0.0	0.0	0.0	0.0	480345.5023621317	3.199236159062556	0.0	0.0	0.0	0.0	3	69
2014	11	50586081.2	49171514.4	29784881.54107875	3.483657217988796	4.154545328112502	219865.4536034305	30004746.99468218	19166767.405317817	20581334.20531782	4.2016025934944015	4.202174603829796	1.2891358416354552	1.748609729971203	23.957	4.459381454698497	4.553442506398898	19.62316612992628	17.532756167440393	512.5	211.14	2.0185672455160995	139.71855251515228	119.6649427605334	117.72634647238904	0	20143.0	0.4718485948422217	0.32857872964129087	5.84	3.718223094763576	449.9	10.320131578947368	317.5	408.75	2.739583333333333	1.9104166666666669	0.8291666666666667	1.1019	2.175	575.0	2.22	4.46	5.542430359527609	0.0	0.0	0.0	0.0	0.0	0.0	0.0	0.0	0.0	0.0	0.0	0.0	0.0	0.0	0.0	0.0	0.0	0.0	0.0	0.0	0.0	0.0	0.0	0.0	0.0	0.0	4258.866579013675	18829830.0	81721.0	6295482.0	21514.0	16831.9481943721	7678.59948587722	6.1249	75.79	0.02	216290.88	4.143913465052248	0.0	0.0	0.0	0.0	308113.63428362494	2.908961468335886	0.0	0.0	0.0	0.0	3	70
2014	12	43539051.5	42388327.9	33356948.59680931	3.47581252586045	4.129284543234756	0.0	33356948.59680931	9031379.30319069	10182102.903190691	4.221350202682179	4.221350202682179	1.1223292547778507	1.5797331887384622	24.073	4.7539987946206175	4.2888805193323725	17.532554725901768	17.072556077685643	487.6	211.21	0.8549375533346344	139.0452940059612	119.0883161099198	117.15906129020162	0	20143.0	0.4718485948422217	0.32857872964129087	5.46	3.600559054411665	448.32	10.312454545454546	308.13	418.38	2.66875	1.9	0.7666666666666667	1.1306	2.175	575.0	2.26	4.62	5.55594575316094	7192086.0	2440832.0	0.0	0.0	0.0	0.0	0.0	0.0	0.0	0.0	0.0	159390.0	96600.0	1.65	0.0	0.0	0.0	0.0	0.0	0.0	0.0	0.0	0.0	7032696.0	2344232.0	3.0	4060.4098736305946	20944874.0	94717.0	6272006.0	22840.0	16831.9481943721	7678.59948587722	6.1886	59.29	0.03	151518.51	3.717310512095189	0.0	0.0	0.0	0.0	216702.21767937	2.599148989021262	0.0	0.0	0.0	0.0	3	71
2015	1	41551680.0	40688665.0	27369149.209494162	3.3841345872910793	4.0274436865492405	146542.41747152706	27515691.62696569	13172973.37303431	14035988.37303431	4.0246642534499175	4.024875587356116	0.9852772072236152	1.5285381368078637	24.442	4.745346586717693	3.924045276625055	20.059951335959365	17.590571038011536	467.00000000000006	223.8	2.270304683530526	141.75687809001212	121.75329291027084	119.66239852388073	0	20150.0	0.48926865801866415	0.36958224897438163	5.3	3.479987120984978	433.21	10.024	305.0	440.25	2.59375	1.8583333333333332	0.7375	1.1661	2.175	550.0	2.33	4.38	5.530557499168485	6661605.68	1470694.0	0.0	0.0	0.0	5857235.68	994814.0	5.88776965342265	0.0	0.0	0.0	804370.0	475880.0	1.6902790619483905	0.0	0.0	0.0	0.0	0.0	0.0	0.0	0.0	0.0	0.0	0.0	0.0	4066.0	25788181.0	119139.0	7523010.0	29641.0	15613.7459681824	8066.94263493206	6.2181	47.22	0.03	65791.99	3.67298450768855	0.0	0.0	0.0	0.0	94131.02394058793	2.567197825793573	0.0	0.0	0.0	0.0	0	72
2015	2	43448165.0	42524301.4	28668376.44818705	3.273589359899514	3.924638409542553	219041.57807970492	28887418.026266754	13636883.373733245	14560746.973733246	3.987580015121435	3.9871159434711707	1.0831203170594503	1.5660386535256607	24.555	4.794629129271088	4.007866684488377	19.87576877689796	17.42583936060343	98.9	223.93	1.1552312611309168	145.5938444397165	125.35766147166196	123.0983696033295	0	20150.0	0.48926865801866415	0.36958224897438163	4.88	3.470285520908658	423.55	9.92721052631579	305.0	444.13	2.5729166666666665	1.7916666666666667	0.78125	1.1911	2.2	595.0	2.36	4.63	5.3746507618978905	11042801.68	4051820.0	10359660.0	3691120.0	2.8066440538373176	0.0	0.0	0.0	0.0	0.0	0.0	560808.0	318700.0	1.7596736743018513	0.0	0.0	0.0	0.0	0.0	0.0	0.0	0.0	0.0	0.0	0.0	0.0	3936.0	19704194.0	91779.0	7781492.0	30223.0	15613.7459681824	8066.94263493206	6.2518	50.58	0.02	57797.32	3.565977972681086	0.0	0.0	0.0	0.0	82800.49530438674	2.489163491623228	0.0	0.0	0.0	0.0	0	73
2015	3	48273624.5	47341884.1	38049022.33074896	3.198462939213693	3.8168085133397724	0.0	38049022.33074896	9292861.769251041	10224602.16925104	3.8585705825443237	3.8585705825443237	1.004463659515995	1.4927846211771914	25.258	5.051385324657425	4.035519171425218	20.536068662157223	17.147758653090765	168.4	224.04	0.0144359736222621	141.6106702054893	121.93508228205246	119.73867656859105	0	20150.0	0.48926865801866415	0.36958224897438163	4.72	3.456312461018232	409.79	9.807045454545454	295.5	428.8	2.46875	1.7604166666666667	0.7104166666666667	1.2247	2.15	565.0	2.39	4.87	5.227549106224375	13448885.4	5510776.0	13429262.4	5501776.0	2.440895885255961	0.0	0.0	0.0	0.0	0.0	0.0	19623.0	9000.0	2.180333333333333	0.0	0.0	0.0	0.0	0.0	0.0	0.0	0.0	0.0	0.0	0.0	0.0	3808.0	27451429.0	133142.0	7602413.0	28966.0	15613.7459681824	8066.94263493206	6.2386	47.82	0.03	91029.82	3.5659604731724173	0.0	0.0	0.0	0.0	130023.92927220586	2.4965307679667923	0.0	0.0	0.0	0.0	0	74
2015	4	49756751.800000004	48811020.6	33299503.628370244	3.052076352408825	3.6489193100291226	1421.0526315789473	33300924.681001823	15510095.918998178	16455827.118998181	3.7701695482235764	3.769967071011987	1.043559339019845	1.4798771230196093	26.314	4.337336395466357	4.2387242727800105	20.212489981015118	16.777588719662273	97.3	224.08	-1.2020811789954442	135.94707759816865	117.06034796848618	114.9520866848214	0	20151.0	0.5036120179906922	0.29635438123530733	4.82	3.5303552732211085	394.73	9.712785714285715	260.0	409.0	2.4625	1.675	0.7875	1.2123	2.0250000000000004	525.0	2.32	4.5	5.047812484766397	8381232.55	3219961.0	0.0	0.0	0.0	0.0	0.0	0.0	0.0	0.0	0.0	0.0	0.0	0.0	0.0	0.0	0.0	0.0	0.0	0.0	0.0	0.0	0.0	8381232.55	3219961.0	2.60289877734544	3743.0	34775184.0	169564.0	10400849.0	43010.0	15613.7459681824	8066.94263493206	6.201	54.45	0.02	118121.69	3.441634978300768	0.0	0.0	0.0	0.0	172022.13183526788	2.3632525400237663	0.0	0.0	0.0	0.0	1	75
2015	5	41180567.4	40085317.8	29233022.872105744	3.171125963826087	3.81676850409704	0.0	29233022.872105744	10852294.927894253	11947544.527894255	3.8017721723895894	3.8017721723895894	1.1004295675413285	1.436302371162641	26.604	5.111165357593259	4.28018241337534	17.80849672254581	15.818995963780765	216.1	224.09	-2.4543201967222106	134.46517064795557	115.7843180139357	113.69903807789768	0	20151.0	0.5036120179906922	0.29635438123530733	4.5	3.344179035659485	388.2	9.535375	265.0	413.56	2.4145833333333333	1.73125	0.6833333333333333	1.1685	2.05	525.0	2.27	4.48	5.119360455284293	9520891.0	3887660.0	4358675.0	1743470.0	2.5	0.0	0.0	0.0	0.0	0.0	0.0	18560.0	1000.0	18.56	0.0	0.0	0.0	0.0	0.0	0.0	0.0	0.0	0.0	5143656.0	2143190.0	2.4	3857.0	35234999.0	168354.0	11471831.0	43678.0	15613.7459681824	8066.94263493206	6.2035	59.27	0.02	120910.73	3.4154499770202364	0.0	0.0	0.0	0.0	171820.5110526316	2.4034647986438697	0.0	0.0	0.0	0.0	1	76
2015	6	40101493.6	39042294.8	29618110.904265232	3.239457338045611	3.8958587380944127	0.0	29618110.904265232	9424183.895734765	10483382.69573477	3.732124275153606	3.732124275153606	1.0645745958751194	1.3808670762100104	26.792	4.598253478653351	4.272452966760967	19.037304659126637	15.525036608261694	159.2	224.1	-3.7122810795580574	133.52162585541242	114.97185713805412	112.9012096530453	0	20151.0	0.5036120179906922	0.29635438123530733	4.44	3.353722267828998	391.48	9.65009090909091	288.75	421.38	2.395833333333333	1.8	0.5979166666666667	1.1337	2.05	500.0	2.23	4.29	5.113067542556793	9305845.0	3617780.0	0.0	0.0	0.0	0.0	0.0	0.0	0.0	0.0	0.0	0.0	0.0	0.0	0.0	0.0	0.0	0.0	0.0	0.0	892980.0	405900.0	2.2	8412865.0	3211880.0	2.619296175448647	3580.0	40916325.0	194454.0	12421665.0	49380.0	15613.7459681824	8066.94263493206	6.2052	59.82	0.02	160797.33000000002	3.747414276095256	0.0	0.0	0.0	0.0	229266.4960454174	2.628269809997143	0.0	0.0	0.0	0.0	1	77
2015	7	45223541.699999996	44261919.5	31440880.719500206	3.449659535791257	3.9214634634458587	0.0	31440880.719500206	12821038.780499794	13782660.98049979	3.8596017437494035	3.8596017437494035	0.9993542829624712	1.3703653688294164	27.648	5.064008020792064	3.91117277748611	18.96518521208252	15.116781617552835	173.10000000000002	231.35	2.264036172497056	129.21945527807435	111.26737452834652	109.26344491491076	0	20152.0	0.5094239315521716	0.29982596946176715	4.65	3.2444882472430696	405.87	10.074772727272729	283.75	431.5	2.472916666666667	1.9479166666666667	0.525	1.0741	2.075	505.0	2.34	4.01	5.51541272576274	23519050.96	9772784.56	2345360.0	1544760.0	1.518268209948471	0.0	0.0	0.0	0.0	0.0	0.0	0.0	0.0	0.0	0.0	0.0	0.0	0.0	0.0	0.0	0.0	0.0	0.0	21173690.96	8228024.56	2.5733626346881007	3785.0	46758610.0	225902.0	14138015.0	56181.0	15613.7459681824	8066.94263493206	6.2085	50.9	0.03	259299.87	3.5778196109392573	0.0	0.0	0.0	0.0	370669.0870822203	2.5028473976687864	0.0	0.0	0.0	0.0	2	78
2015	8	39750529.9	39101802.4	26917871.76401841	3.6864464706516955	4.027401253573083	0.0	26917871.76401841	12183930.63598159	12832658.13598159	3.8733278869159524	3.8733278869159524	0.9248305438695532	1.3347124274806332	28.456	5.001131725930235	4.12170311039436	20.050779113209423	16.520027230948312	760.2	231.75	1.384631559443131	125.71378267916116	108.24873476394242	106.29917096655852	0	20152.0	0.5094239315521716	0.29982596946176715	4.77	3.243881747305529	378.78	9.262571428571428	274.63	434.63	2.45625	2.083333333333333	0.3729166666666667	1.0838	2.225	565.0	2.26	3.99	5.443380952200082	12234371.5	5092842.15	0.0	0.0	0.0	0.0	0.0	0.0	0.0	0.0	0.0	0.0	0.0	0.0	0.0	0.0	0.0	0.0	0.0	0.0	0.0	0.0	0.0	12234371.5	5092842.15	2.4022679556247386	3880.0	40599497.0	202313.0	11344291.0	45957.0	15613.7459681824	8066.94263493206	6.3383	42.87	0.07	279100.47	3.82890473097376	0.0	0.0	0.0	0.0	398036.7089408744	2.684800386485811	0.0	0.0	0.0	0.0	2	79
2015	9	39310390.1	38590116.5	32884593.255880516	3.4901720319242884	3.8779198665418613	0.0	32884593.255880516	5705523.244119484	6425796.8441194855	3.7576919517727556	3.7576919517727556	0.9274652363506044	1.3771068868961762	28.794	5.111947845151082	4.204748362935296	17.68780217112124	16.879505834239335	236.0	232.05	0.3995050812801228	124.23808432028235	106.97805085930212	105.05137212698445	0	20152.0	0.5094239315521716	0.29982596946176715	4.58	3.038623817319209	367.49	8.764761904761905	279.38	428.0	2.435416666666667	1.9729166666666669	0.4625	1.1883	2.225	550.0	2.22	4.03	5.352878017915396	10985624.0	3905360.0	0.0	0.0	0.0	0.0	0.0	0.0	0.0	0.0	0.0	0.0	0.0	0.0	0.0	0.0	0.0	0.0	0.0	0.0	0.0	0.0	0.0	10985624.0	3905360.0	2.812960648954258	3729.0	49700319.0	254525.0	9978857.0	41290.0	15613.7459681824	8066.94263493206	6.3676	45.48	0.02	143960.66	3.788332451379425	0.0	0.0	0.0	0.0	205371.8086232404	2.655529226021942	0.0	0.0	0.0	0.0	2	80
2015	10	42603926.1	41565290.2	27848722.061871536	3.3694545813275707	3.769459225516731	0.0	27848722.061871536	13716568.138128467	14755204.038128465	3.7122982146295405	3.7122982146295405	0.9065778264566746	1.384561778746347	29.29	4.1482654861855455	3.900437336441365	18.92019923376345	17.212278313964486	450.6	232.89	-0.0513432619919691	122.134223281605	105.1664730775946	103.27242092947728	0	20153.0	0.4591738532802786	0.30772644308156566	4.24	2.9421589726610544	375.95	8.91225	250.63	423.75	2.439583333333333	1.9104166666666669	0.5291666666666667	1.1634	2.25	570.0	2.17	4.04	5.261533017634064	13591188.62	4952960.0	3215537.25	1260995.0	2.55	0.0	0.0	0.0	0.0	0.0	0.0	0.0	0.0	0.0	0.0	0.0	0.0	0.0	0.0	0.0	0.0	0.0	0.0	6020718.0	2319320.0	2.595897935601814	3757.0	42790718.0	222899.0	7738553.0	31435.0	15613.7459681824	8066.94263493206	6.3505	46.22	0.02	288335.44	3.63233225856662	0.0	0.0	0.0	0.0	411478.7710853473	2.545283483853817	0.0	0.0	0.0	0.0	3	81
2015	11	49342244.3	48113720.9	31699193.859243352	3.368816631910088	3.811623252681965	0.0	31699193.859243352	16414527.040756647	17643050.440756645	3.72679179585988	3.72679179585988	0.8835895857085304	1.402000730224146	29.471	4.500722421728816	4.260317106555611	19.592689706874477	17.145263840216085	333.4	234.55	0.3120865296269341	121.38411997958026	104.52057943207716	102.63815985288554	0	20153.0	0.4591738532802786	0.30772644308156566	4.03	2.917466105474272	368.0	8.664875	263.63	383.88	2.433333333333333	1.8833333333333333	0.5479166666666667	1.2103	2.25	550.0	2.14	4.05	5.113865144224434	7715852.2	3147320.0	5241628.0	2230480.0	2.35	0.0	0.0	0.0	0.0	0.0	0.0	0.0	0.0	0.0	0.0	0.0	0.0	0.0	0.0	0.0	0.0	0.0	0.0	2471418.0	915340.0	2.7	3623.0	46839272.0	233359.0	9670415.0	38551.0	15613.7459681824	8066.94263493206	6.364	42.44	0.12	351300.06	3.5087370893133345	0.0	0.0	0.0	0.0	502779.3050901386	2.4516115470962254	0.0	0.0	0.0	0.0	3	82
2015	12	45944032.6	44797698.8	34657006.97042123	3.1185772297035936	3.6884290771355173	0.0	34657006.97042123	10140691.829578765	11287025.62957877	3.7368479722017356	3.7368479722017356	0.7939103339205015	1.3794146484264556	29.71	4.789387298780613	3.890925415965206	18.029639683004053	16.235511596177737	479.0	235.16	-0.3802055438632631	120.40765398580312	103.67977100110218	101.8124944134766	0	20153.0	0.4591738532802786	0.30772644308156566	3.8	2.7623105269090704	368.42	8.794113636363637	264.0	340.63	2.3895833333333334	1.75	0.6395833333333333	1.2551	2.225	550.0	2.11	4.2	5.141099586686672	23902464.99	7757094.94	4102691.2	1473060.0	2.785148738001168	0.0	0.0	0.0	0.0	0.0	0.0	0.0	0.0	0.0	0.0	0.0	0.0	0.0	0.0	0.0	0.0	0.0	0.0	19799773.79	6284034.94	3.1508058085367674	3705.0	63276672.0	305158.0	13134244.0	51532.0	15613.7459681824	8066.94263493206	6.4491	37.19	0.23	300875.31	3.711074431464649	0.0	0.0	0.0	0.0	432051.7435868821	2.5843447840998395	0.0	0.0	0.0	0.0	3	83
2016	1	38617260.4	37667707.4	26109878.93160881	3.1460092278671574	3.61228294678325	0.0	26109878.93160881	11557828.468391187	12507381.468391187	3.6780316339859316	3.6780316339859316	0.7189812626117636	1.318348367430972	30.747	4.337525474207904	3.890885967730744	20.168222439119965	17.390124411022462	104.7	250.33	1.970447780728421	123.32699519514784	106.1312379342366	104.11091467233778	0	20160.0	0.3958013424211457	0.24982173648150496	3.63	2.9257251589882305	373.08	8.730131578947368	233.88	327.13	2.3895833333333334	1.7708333333333333	0.61875	1.2943	2.225	550.0	1.9	3.77	5.045048044020753	100378.22	46200.0	0.0	0.0	0.0	0.0	0.0	0.0	0.0	0.0	0.0	0.0	0.0	0.0	0.0	0.0	0.0	0.0	0.0	0.0	0.0	0.0	0.0	0.0	0.0	0.0	3624.0	57790963.0	271326.0	11905026.0	45411.0	16715.6334746253	8147.93770549385	6.5726	31.68	0.26	398309.08	3.638614690882769	0.0	0.0	0.0	0.0	571100.6336865844	2.537719597060298	0.0	0.0	0.0	0.0	0	84
2016	2	44762346.900000006	43740109.3	32184388.13511861	2.97053859352839	3.4885457592425344	0.0	32184388.13511861	11555721.164881386	12577958.764881395	3.5681408519521254	3.5681408519521254	0.7322042211561611	1.3321669894256791	31.691	4.195108574756505	4.149586745107272	20.46055353313064	18.42478175004497	428.2	250.39	0.7167119770200968	123.93067259707308	106.61472939913244	104.5222146550802	0	20160.0	0.3958013424211457	0.24982173648150496	3.86	2.9761740727349686	373.75	8.720025	191.88	326.0	2.277083333333333	1.65	0.6270833333333333	1.3756	2.225	500.0	1.78	3.65	4.8840110205134994	7492662.0	2775060.0	0.0	0.0	0.0	0.0	0.0	0.0	0.0	0.0	0.0	0.0	0.0	0.0	0.0	0.0	0.0	0.0	0.0	0.0	0.0	0.0	0.0	7492662.0	2775060.0	2.7	3495.0	37002568.0	173414.0	6917180.0	26132.0	16715.6334746253	8147.93770549385	6.5501	30.32	0.31	351494.54	3.2988834478054767	0.0	0.0	0.0	0.0	502061.05818376166	2.309558769992457	0.0	0.0	0.0	0.0	0	85
2016	3	43330069.9	42285222.7	35422783.950170435	2.977317376122037	3.4964024945313312	0.0	35422783.950170435	6862438.749829568	7907285.9498295635	3.325802845866754	3.325802845866754	0.7753215351149918	1.342891886824511	32.124	4.954868294663856	3.77228252919164	19.9131137332509	16.99926084825338	432.7	250.62	-0.3727456917972516	122.26020873097504	105.17766745697628	103.11335775850286	0	20160.0	0.3958013424211457	0.24982173648150496	4.03	3.0242311272124414	380.97	8.931363636363637	201.75	338.13	2.26875	1.6520833333333331	0.6166666666666667	1.4182	2.2	500.0	1.71	3.5	4.826529869557071	13228657.11	5604076.6	3784822.28	2106360.0	1.7968544218462184	0.0	0.0	0.0	0.0	0.0	0.0	0.0	0.0	0.0	0.0	0.0	0.0	0.0	0.0	0.0	0.0	0.0	0.0	9443834.83	3497716.6	2.700000002859008	3366.0	44162691.0	200663.0	9572716.0	35464.0	16715.6334746253	8147.93770549385	6.5027	37.55	0.29	253727.54	3.093377171433578	0.0	0.0	0.0	0.0	363353.6139966466	2.160085794570475	0.0	0.0	0.0	0.0	0	86
2016	4	36018029.900000006	35117024.6	30920375.136236295	2.8320206632711136	3.5548821396324337	0.0	30920375.136236295	4196649.463763706	5097654.763763711	3.3635351803386744	3.3635351803386744	0.8035139303718293	1.372825886813895	31.515	4.476957509739689	3.8726173974809694	19.682526062381328	18.788370402842016	966.7	251.63	-0.6879252257236641	124.62278106532897	107.21013451968606	105.1059338294192	0	20161.0	0.35713400245173155	0.2149003314834424	3.96	2.859358504685141	395.14	9.637690476190476	196.25	330.5	2.2291666666666665	1.6	0.6291666666666667	1.4087	2.2	500.0	1.68	3.55	4.925963055313772	10028501.76	4072449.0	2938712.0	1190250.0	2.468987187565637	0.0	0.0	0.0	0.0	0.0	0.0	0.0	0.0	0.0	0.0	0.0	0.0	0.0	0.0	0.0	0.0	0.0	0.0	6788833.9	2781199.0	2.440973803025242	3254.0	46251101.0	199739.0	12607576.0	44479.0	16715.6334746253	8147.93770549385	6.4754	40.75	0.23	421311.56	3.35734993836865	0.0	0.0	0.0	0.0	603860.5219321211	2.3424123429598867	0.0	0.0	0.0	0.0	1	87
2016	5	43953512.9	42841266.4	30483201.799303766	2.7858186418877664	3.5800221164221893	0.0	30483201.799303766	12358064.600696232	13470311.100696232	3.3862603721751316	3.3862603721751316	0.8721783977758452	1.4377016923894248	31.385	4.510037771316754	4.20931792924669	21.59733181258368	17.28591995019673	231.4	252.23	-1.4188266247591657	125.1389818471831	107.6542102720378	105.54129375925272	0	20161.0	0.35713400245173155	0.2149003314834424	4.04	2.6546433799537907	422.55	10.614166666666668	198.38	313.5	2.26875	1.5541666666666667	0.7145833333333333	1.3524	2.1	500.0	1.65	3.26	4.921164604792548	27662139.99	18377167.0	0.0	0.0	0.0	0.0	0.0	0.0	0.0	0.0	0.0	429205.93	8091350.0	0.0530450332762765	0.0	0.0	0.0	0.0	0.0	0.0	0.0	0.0	0.0	27171701.66	10277807.0	2.6437256177314867	3423.0	52520661.0	215213.0	14996238.0	49252.0	16715.6334746253	8147.93770549385	6.5259	46.71	0.27	269556.68	3.59728343589927	0.0	0.0	0.0	0.0	388871.9982255078	2.4935500226932903	0.0	0.0	0.0	0.0	1	88
2016	6	49902815.8	48773698.3	33933498.25410241	2.8863949628810497	3.7132272908375334	0.0	33933498.25410241	14840200.045897588	15969317.545897588	3.470709310843356	3.470709310843356	0.9024545484910784	1.4509705628130587	30.746	5.185145122143556	4.148523090423812	21.0370955459916	16.91054783767874	171.70000000000002	252.47	-2.515449888903681	127.7397692471815	109.89160831938808	107.73477865849692	0	20161.0	0.35713400245173155	0.2149003314834424	4.11	2.617515500513878	457.4	11.461545454545456	142.63	306.63	2.316666666666667	1.60625	0.7104166666666667	1.2953	2.075	500.0	1.65	3.18	5.005652644381322	9106739.45	3422602.0	0.0	0.0	0.0	0.0	0.0	0.0	0.0	0.0	0.0	1149650.25	783000.0	1.4682634099616858	0.0	0.0	0.0	0.0	0.0	0.0	0.0	0.0	0.0	7957089.2	2639602.0	3.014503398618428	3349.0	57993226.0	239916.0	14673824.0	49767.0	16715.6334746253	8147.93770549385	6.5892	48.76	0.27	259176.55	3.709467272405625	0.0	0.0	0.0	0.0	370892.9705029319	2.592141147070891	0.0	0.0	0.0	0.0	1	89
2016	7	46291586.7	45405666.9	33023173.43494457	3.002792656524113	3.794216603201877	0.0	33023173.43494457	12382493.465055428	13268413.265055433	3.486606819202967	3.486606819202967	0.860836032970766	1.4502692864025803	30.037	4.579703870648576	3.8891459220746687	19.638864432479405	16.352282219399832	485.7	258.08	1.7522049818427057	130.75496704976672	112.48551417877638	110.2777742329176	0	20162.0	0.3606352796173228	0.20327905591550027	4.26	2.463722905165876	431.08	10.5788	181.0	305.2	2.325	1.7	0.625	1.2327	2.075	520.0	1.77	3.27	4.961082593606905	343665.0	236250.0	0.0	0.0	0.0	0.0	0.0	0.0	0.0	0.0	0.0	343665.0	236250.0	1.4546666666666668	0.0	0.0	0.0	0.0	0.0	0.0	0.0	0.0	0.0	0.0	0.0	0.0	3448.0	52156106.0	218777.0	14429324.0	47194.0	16715.6334746253	8147.93770549385	6.6771	44.65	0.3	325722.03	3.858277317011686	0.0	0.0	0.0	0.0	469337.7414985088	2.6776579185545697	0.0	0.0	0.0	0.0	2	90
2016	8	48388208.4	47715958.4	37569109.14168266	3.2032329095164944	3.891702890148441	0.0	37569109.14168266	10146849.258317336	10819099.258317336	3.4891788925748504	3.4891788925748504	0.8830229166999654	1.473257527473392	28.837	4.851564303294935	3.825876601050799	21.84704645862922	16.921272216262473	299.29999999999995	258.78	1.104137987480016	136.19610033199857	117.16639696875215	114.866785887372	0	20162.0	0.3606352796173228	0.20327905591550027	4.24	2.5168902986556776	412.17	9.995326086956522	186.25	318.06	2.3291666666666666	1.81875	0.5104166666666666	1.2276	2.145	545.0	1.9	3.55	5.414487653086198	19873871.4	7921270.0	0.0	0.0	0.0	0.0	0.0	0.0	0.0	0.0	0.0	0.0	0.0	0.0	0.0	0.0	0.0	0.0	0.0	0.0	0.0	0.0	0.0	12535800.0	5223250.0	2.4	3390.0	52348317.0	222616.0	14700512.0	48162.0	16715.6334746253	8147.93770549385	6.6466	44.72	0.3	417766.63	3.977569630202393	0.0	0.0	0.0	0.0	599565.1160526315	2.771501902812724	0.0	0.0	0.0	0.0	2	91
2016	9	46114881.300000004	45512734.5	37954822.242461964	3.0845168983419353	3.7817604913168004	0.0	37954822.242461964	7557912.2575380355	8160059.05753804	3.448178069283212	3.448178069283212	0.896998051572069	1.5114665474152464	28.728	5.205388088165568	3.686014755236355	21.54542630630236	17.185145728204496	294.8	258.96	-0.0696508719916732	136.7128566302507	117.61095061918355	115.30261433563582	0	20162.0	0.3606352796173228	0.20327905591550027	4.12	2.3063127215647543	403.53	9.606071428571427	187.3	320.0	2.3	1.7625	0.5375	1.3096	2.2	535.0	1.94	3.6	5.4781709368807725	6280200.0	2616750.0	0.0	0.0	0.0	0.0	0.0	0.0	0.0	0.0	0.0	0.0	0.0	0.0	0.0	0.0	0.0	0.0	0.0	0.0	0.0	0.0	0.0	6280200.0	2616750.0	2.4	3405.0	38172863.0	161006.0	13224598.0	41606.0	16715.6334746253	8147.93770549385	6.6702	45.18	0.29	456815.76	3.7830022983445226	0.0	0.0	0.0	0.0	651669.7096103315	2.651857289842956	0.0	0.0	0.0	0.0	2	92
2016	10	48303561.0	47279421.4	36982541.57438607	2.9823049035409728	3.7623468732448306	0.0	36982541.57438607	10296879.82561393	11321019.425613932	3.383843937234253	3.383843937234253	0.9506201847103796	1.5935819520114225	28.094	5.098882640432752	3.704597759003085	20.81241596145598	17.40649844195067	394.9	259.84	-0.549161596572445	139.79806881447436	120.26508825328918	117.90465952282146	0	20163.0	0.3539842879208324	0.20055244195265215	4.04	2.208272548688605	401.87	9.76347619047619	187.5	310.0	2.3229166666666665	1.7104166666666667	0.6125	1.3354	2.2	525.0	2.03	3.81	5.586388466927636	26908951.1	8919279.0	0.0	0.0	0.0	0.0	0.0	0.0	0.0	0.0	0.0	40882.0	14940.0	2.736412315930388	0.0	0.0	0.0	0.0	0.0	0.0	0.0	0.0	0.0	24953144.1	8179629.0	3.0506449742402744	3381.0	36917935.0	154248.0	12067821.0	38099.0	16715.6334746253	8147.93770549385	6.7303	49.78	0.33	346581.39	4.098522052785349	0.0	0.0	0.0	0.0	494408.042368421	2.873075169237435	0.0	0.0	0.0	0.0	3	93
2016	11	55452586.7	54230648.3	37618801.76431851	2.962848767103896	3.6788984818894046	0.0	37618801.76431851	16611846.535681486	17833784.935681492	3.3810600097486696	3.3810600097486696	0.909728817011303	1.5692915490122938	28.665	5.432460952829892	4.218335523720163	18.62728973738918	16.747628015042785	317.1	260.97	-0.7843941862622277	137.01332444702052	117.86943622494005	115.55602667483504	0	20163.0	0.3539842879208324	0.20055244195265215	4.3	2.3473213603330536	397.76	10.070833333333333	205.0	298.0	2.25625	1.6604166666666669	0.5958333333333333	1.3438	2.2	500.0	2.03	3.31	5.385813201931245	32053433.7	12412525.5	0.0	0.0	0.0	0.0	0.0	0.0	0.0	0.0	0.0	0.0	0.0	0.0	0.0	0.0	0.0	0.0	0.0	0.0	0.0	0.0	0.0	21027919.7	7791716.5	2.69875318230585	3266.0	46964558.0	199885.0	14772982.0	47579.0	16715.6334746253	8147.93770549385	6.8402	45.66	0.45	461107.64	3.6168187974504167	0.0	0.0	0.0	0.0	661618.0320496614	2.520703335175753	0.0	0.0	0.0	0.0	3	94
2016	12	53639942.5	52186427.5	44131141.31562851	2.9003434355762328	3.560458919643099	0.0	44131141.31562851	8055286.184371486	9508801.184371486	3.363548205979272	3.363548205979272	0.965986044891954	1.695232802604586	28.76	4.460508135466475	4.068490780674495	19.73215206048601	16.728249126170837	449.1	263.98	0.8546513589388692	136.56074218615586	117.48009003434998	115.17432213609688	0	20163.0	0.3539842879208324	0.20055244195265215	4.14	2.468208266039798	416.07	10.22202380952381	217.75	296.63	2.285416666666667	1.6229166666666666	0.6625	1.3605	2.155	500.0	2.04	3.49	5.3627407032195595	38637856.4	15688876.0	0.0	0.0	0.0	0.0	0.0	0.0	0.0	0.0	0.0	6312.0	800.0	7.89	0.0	0.0	0.0	0.0	0.0	0.0	0.0	0.0	0.0	38631544.4	15688076.0	2.462478152196611	3444.0	57621811.0	258503.0	15572844.0	52043.0	16715.6334746253	8147.93770549385	6.9198	51.97	0.51	255787.62	3.5516374482862	0.0	0.0	0.0	0.0	367420.40388091386	2.47254883072429	0.0	0.0	0.0	0.0	3	95
2017	1	47908527.0	46942551.6	32494289.778526675	2.9507195167422475	3.587564990054232	0.0	32494289.778526675	14448261.821473327	15414237.221473325	3.490298237413649	3.490298237413649	0.9734602755404894	1.736969897765662	28.531	5.64702950698071	4.308371223646854	18.030414139293523	16.773337847451145	363.8	272.21	-2.554409122073721	147.5825175290603	126.9116589226802	123.90341561724472	0	20170.0	0.33343000508807846	0.26573832594558394	4.07	2.599610442864954	412.0	10.367	233.75	308.0	2.28125	1.6708333333333334	0.6104166666666667	1.345	2.125	515.0	2.08	3.69	5.553881247013145	1953.0	950.0	0.0	0.0	0.0	0.0	0.0	0.0	0.0	0.0	0.0	0.0	0.0	0.0	0.0	0.0	0.0	0.0	0.0	0.0	0.0	0.0	0.0	0.0	0.0	0.0	3334.0	46311007.0	210141.0	12281349.0	40328.0	18690.8938401411	8879.43866711453	6.8907	52.5	0.51	334711.14	3.6712388479212255	0.0	0.0	0.0	0.0	483072.0541957783	2.543729303583339	0.0	0.0	0.0	0.0	0	96
2017	2	49071591.8	48106063.8	35467140.650899164	2.908037742002911	3.545738426157598	0.0	35467140.650899164	12638923.149100833	13604451.149100833	3.3921540829638293	3.3921540829638293	0.9757999963908204	1.8118350016038636	28.422	4.737584401041505	3.7007333587520783	18.931956970314616	17.544207893614473	455.5	272.99	-3.1568073070907032	148.14850494763283	127.39837241302476	124.37859232199034	0	20170.0	0.33343000508807846	0.26573832594558394	4.23	2.614321959637272	394.53	10.37707894736842	191.88	326.0	2.283333333333333	1.64375	0.6395833333333333	1.3136	2.1	505.0	2.1	3.93	5.5957457463028675	28933.76	16000.0	0.0	0.0	0.0	0.0	0.0	0.0	0.0	0.0	0.0	28933.76	16000.0	1.80836	0.0	0.0	0.0	0.0	0.0	0.0	0.0	0.0	0.0	0.0	0.0	0.0	3429.0	53617361.0	226179.0	18148631.0	57709.0	18690.8938401411	8879.43866711453	6.8694	53.47	0.52	153060.37	3.599502862824649	0.0	0.0	0.0	0.0	217506.84157894732	2.53298349606179	0.0	0.0	0.0	0.0	0	97
2017	3	51807046.900000006	50713273.0	40637461.56012836	2.884824908694022	3.5450812227693245	0.0	40637461.56012836	10075811.439871639	11169585.339871645	3.4499053914222184	3.4499053914222184	0.9440507287516566	1.6316115671591562	28.401	4.445120289759936	3.670519427952732	20.31146669987754	17.110645916756354	312.8	273.38	-4.154927357216771	148.25804752021477	127.49257211798842	124.47055916959296	0	20170.0	0.33343000508807846	0.26573832594558394	4.35	2.6175961043711373	383.68	10.009565217391303	223.5	325.63	2.2875	1.6520833333333331	0.6354166666666666	1.3424	2.15	525.0	2.11	4.01	5.581780714858893	21004828.26	8228990.0	0.0	0.0	0.0	0.0	0.0	0.0	0.0	0.0	0.0	0.0	0.0	0.0	0.0	0.0	0.0	0.0	0.0	0.0	0.0	0.0	0.0	21004828.26	8228990.0	2.5525402582820003	3407.0	60153707.0	262528.0	15912925.0	50078.0	18690.8938401411	8879.43866711453	6.894	49.33	0.74	185132.13	4.24129334005934	0.0	0.0	0.0	0.0	270452.7805991627	2.903278229421284	0.0	0.0	0.0	0.0	0	98
2017	4	42138704.4	41051683.1	32718855.70358487	2.842357134341222	3.540868821809719	0.0	32718855.70358487	8332827.396415133	9419848.69641513	3.3907511492782616	3.3907511492782616	0.9731059648764936	1.6669564727658128	28.388	4.889108402343762	3.932724897334145	18.646067500114853	17.286534435533177	273.3	273.48	-5.448769272451883	148.32594080673596	127.55095606323056	124.52755921430216	0	20171.0	0.3800023634870251	0.21622732991042626	4.41	2.7723007042730727	387.44	9.478868421052631	207.88	313.13	2.29375	1.6166666666666667	0.6770833333333334	1.3789	2.1	520.0	2.1	3.8	5.53185538918212	3154808.0	1272100.0	0.0	0.0	0.0	0.0	0.0	0.0	0.0	0.0	0.0	0.0	0.0	0.0	0.0	0.0	0.0	0.0	0.0	0.0	0.0	0.0	0.0	3154808.0	1272100.0	2.48	3454.0	55860978.0	247134.0	13765103.0	43398.0	18690.8938401411	8879.43866711453	6.8876	51.06	0.8	299313.79	3.6878987767319376	0.0	0.0	0.0	0.0	436559.9723098863	2.5284932884695497	0.0	0.0	0.0	0.0	1	99
2017	5	53535223.5	52356635.1	38033379.29990127	2.8572235999998403	3.591973390904562	0.0	38033379.29990127	14323255.800098732	15501844.20009873	3.3773428636758935	3.3773428636758935	0.945137023465672	1.6692612885383502	28.117	4.769297869320416	4.08277401652019	19.807938871035304	15.304734090930117	580.3	280.08	-0.2483330527961123	149.75555029418572	128.7803300751499	125.72779282909306	0	20171.0	0.3800023634870251	0.21622732991042626	4.6	2.750481910856212	389.72	9.573863636363637	178.75	309.25	2.2354166666666666	1.58125	0.6541666666666667	1.3185	2.14	500.0	2.23	3.66	5.530438099449144	26150269.88	10746864.0	0.0	0.0	0.0	0.0	0.0	0.0	0.0	0.0	0.0	0.0	0.0	0.0	0.0	0.0	0.0	0.0	0.0	0.0	0.0	0.0	0.0	26150269.880000003	10746864.0	2.433293087174082	3268.0	55182049.0	235855.0	17355622.0	54016.0	18690.8938401411	8879.43866711453	6.8843	48.48	0.89	226099.96	3.6504962672262304	0.0	0.0	0.0	0.0	317831.85983573407	2.596898436886037	0.0	0.0	0.0	0.0	1	100
2017	6	53418635.0	52234162.9	42530289.91946693	2.975605123584741	3.648904957533456	0.0	42530289.91946693	9703872.98053307	10888345.080533072	3.4064661384705626	3.4064661384705626	0.9116111181931674	1.6208536397097553	28.364	4.312922352332927	4.0685397518109285	17.870683184000587	16.005694567559644	154.2	280.2	-1.5336186982493314	148.45144576299603	127.65888241161292	124.63292733661008	0	20171.0	0.3800023634870251	0.21622732991042626	4.68	2.7474004471780007	378.59	9.250409090909091	191.0	310.3	2.239583333333333	1.6520833333333331	0.5875	1.2839	2.14	552.5	2.18	3.86	5.469246275786584	14775135.01	6019638.0	0.0	0.0	0.0	0.0	0.0	0.0	0.0	0.0	0.0	0.0	0.0	0.0	0.0	0.0	0.0	0.0	0.0	0.0	0.0	0.0	0.0	6806803.2	2836168.0	2.4	3349.0	55873565.0	241195.0	16038859.0	52611.0	18690.8938401411	8879.43866711453	6.8066	45.18	0.98	361178.13	4.178571360342334	0.0	0.0	0.0	0.0	538759.5103531375	2.8012657985578167	0.0	0.0	0.0	0.0	1	101
2017	7	41268270.2	40537484.9	32619623.545722213	3.128735833401445	3.82156483787087	0.0	32619623.545722213	7917861.354277786	8648646.65427779	3.5292325577772434	3.5292325577772434	0.9376122940354344	1.6583502944655224	28.636	5.913048882593931	4.54331361456542	16.77372895975541	14.727027734643707	313.5	288.95	5.805373791188352	147.04137475979957	126.44631026410777	123.44909732419366	0	20172.0	0.35062987208883317	0.19724870669343114	4.67	2.5419457353745214	410.23	9.971125	181.0	313.75	2.308333333333333	1.75625	0.5520833333333334	1.2168	2.215	540.0	2.2	4.12	5.3909000027886655	17394668.6	6549110.0	0.0	0.0	0.0	0.0	0.0	0.0	0.0	0.0	0.0	0.0	0.0	0.0	0.0	0.0	0.0	0.0	0.0	0.0	0.0	0.0	0.0	11281762.5	4800750.0	2.35	3441.0	63988924.0	281331.0	18974814.0	60575.0	18690.8938401411	8879.43866711453	6.7694	46.63	1.07	548497.6900000001	4.230173385051083	0.0	0.0	0.0	0.0	792175.2875869689	2.928948133521866	0.0	0.0	0.0	0.0	2	102
2017	8	44515149.8	43773118.6	32560998.49722927	3.1753377301497543	3.8946834648403854	0.0	32560998.49722927	11212120.10277073	11954151.302770726	3.5341770977874725	3.5341770977874725	0.9502020850107256	1.7248635476962724	28.651	4.634749542051964	4.009381603415627	18.839911197439537	15.036669669753405	790.6	289.56	4.998644415517016	146.9643924338285	126.38011031806882	123.384466544819	0	20172.0	0.35062987208883317	0.19724870669343114	4.47	2.4056406370176	392.87	9.425391304347826	192.63	320.75	2.3125	1.7958333333333334	0.5166666666666667	1.2502	2.25	562.5	2.25	4.58	5.5122070719401535	25900632.52	10426712.0	0.0	0.0	0.0	0.0	0.0	0.0	0.0	0.0	0.0	42876.21	23070.0	1.8585266579973991	0.0	0.0	0.0	0.0	0.0	0.0	0.0	0.0	0.0	17445176.5	6975490.0	2.5009248812628218	3492.0	64759147.0	282484.0	21116767.0	69258.0	18690.8938401411	8879.43866711453	6.667	48.04	1.01	884556.39	3.911480250569441	0.0	0.0	0.0	0.0	1264808.9628808196	2.7355315715975217	0.0	0.0	0.0	0.0	2	103
2017	9	43831059.5	43101132.0	36182232.76277741	3.096663125664542	3.6849612810460357	0.0	36182232.76277741	6918899.23722259	7648826.73722259	3.631558414636479	3.631558414636479	0.9995997575902916	1.7893648286795962	28.882	4.523697384610273	3.709876352153552	18.83258913208284	12.627398148232242	782.7	289.59	3.606193174736542	145.7889622471304	125.36931447694027	122.39763004555118	0	20172.0	0.35062987208883317	0.19724870669343114	4.3	2.3766815772764955	393.95	9.660875	219.0	325.9	2.3583333333333334	1.7645833333333334	0.59375	1.2901	2.2	565.0	2.25	4.57	5.442955189308008	15745178.8	6055838.0	0.0	0.0	0.0	0.0	0.0	0.0	0.0	0.0	0.0	0.0	0.0	0.0	0.0	0.0	0.0	0.0	0.0	0.0	0.0	0.0	0.0	15745178.8	6055838.0	2.6	3617.0	47139778.0	206204.0	13538783.0	44597.0	18690.8938401411	8879.43866711453	6.569	49.82	1.03	782997.54	4.003353982440353	0.0	0.0	0.0	0.0	1108761.0175424656	2.827134315154568	0.0	0.0	0.0	0.0	2	104
2017	10	46781163.5	45665304.4	31583824.92340975	3.096009490759028	3.6985316505304415	0.0	31583824.92340975	14081479.47659025	15197338.576590251	3.538141045012348	3.538141045012348	0.9936892140043648	1.806217408359729	29.349	5.593346524197009	4.375718108561183	16.579888965682006	14.618881944799975	591.1	289.78	2.368020068847079	143.4691746778977	123.3744434468973	120.45004432776616	0	20173.0	0.3862783002954411	0.23960578612092184	4.25	2.479175318147345	396.52	9.760954545454544	252.5	322.38	2.308333333333333	1.7520833333333334	0.55625	1.2571	2.3	570.0	2.25	4.77	5.402650961992645	37434098.21	14864120.0	0.0	0.0	0.0	0.0	0.0	0.0	0.0	0.0	0.0	0.0	0.0	0.0	0.0	0.0	0.0	0.0	0.0	0.0	0.0	0.0	0.0	17135352.0	6684480.0	2.563453252908229	3345.0	52093658.0	229371.0	13515540.0	46200.0	18690.8938401411	8879.43866711453	6.6254	51.58	1.07	692178.66	3.741568527986691	0.0	0.0	0.0	0.0	981809.0430880992	2.637818329574716	0.0	0.0	0.0	0.0	3	105
2017	11	50699786.0	49524207.6	37468788.09414659	3.0929607068281495	3.713813392165356	0.0	37468788.09414659	12055419.505853415	13230997.905853413	3.655171352643648	3.655171352643648	1.0357502046801794	1.834616567074252	29.202	4.176752673247096	3.951745101336016	17.626113756590463	12.859474122859789	256.5	289.69	0.8441250978485659	144.19138441276692	123.99549827830248	121.05637802121802	0	20173.0	0.3862783002954411	0.23960578612092184	4.33	2.674681841201533	393.85	9.88345238095238	280.0	344.0	2.3354166666666667	1.7354166666666666	0.6	1.2931	2.225	565.0	2.2	4.52	5.444012839106183	32677780.49	13482449.0	0.0	0.0	0.0	0.0	0.0	0.0	4614467.0	2006290.0	2.3	36512.52	22340.0	1.6344010743061774	0.0	0.0	0.0	0.0	0.0	0.0	0.0	0.0	0.0	27928361.97	11427849.0	2.4438861565286696	3630.0	65356832.0	294602.0	16672481.0	56358.0	18690.8938401411	8879.43866711453	6.62	56.64	1.23	1350903.47	4.419590668458347	1270214.05	4.2211054900550025	80689.42	7.544147299608796	1940289.8068676165	3.0770869118972577	1821778.4515909243	2.943117202488438	118511.35527669171	5.136494039569244	3	106
2017	12	57478748.9	56118622.4	37984398.06649166	2.9641511148712727	3.7231279604445215	0.0	37984398.06649166	18134224.333508335	19494350.833508335	3.6209939799291826	3.6209939799291826	1.0667152345989357	2.024934928804971	28.847	4.582988781833105	3.985918416745775	18.57374099042171	13.432564527592056	335.7	289.76	-0.525491738259032	145.96584766601796	125.52142478326996	122.5461348138666	0	20173.0	0.3862783002954411	0.23960578612092184	4.28	2.6111984999735447	387.15	9.73095	214.63	357.25	2.35625	1.6520833333333331	0.7041666666666667	1.3291	2.1500000000000004	570.0	2.21	4.35	5.487241906393374	25509598.24	10135320.0	4338534.4	1694740.0	2.56	0.0	0.0	0.0	0.0	0.0	0.0	0.0	0.0	0.0	0.0	0.0	0.0	0.0	0.0	0.0	0.0	0.0	0.0	19163535.6	7574520.0	2.53	3640.0	74750254.0	348025.0	18553337.0	65883.0	18690.8938401411	8879.43866711453	6.5932	57.88	1.32	696633.86	4.351041291619101	691712.04	4.264342904888572	4921.82	16.535623001247508	992809.698231812	3.053034932473303	985815.532968654	2.9921392302648897	6994.165263157895	11.636179149026024	3	107
2018	1	54588035.6	53440145.2	42378578.31150741	3.0226461545710768	3.7352648244023703	0.0	42378578.31150741	11061566.888492592	12209457.28849259	3.4853666598790185	3.4853666598790185	1.1476823474177924	2.0660302237625365	28.529	5.735836602248583	4.632361897220329	17.066853529358244	14.715421542099012	369.0	302.66	3.337400641790868	152.23571174652352	130.9619297130829	127.78047214259516	0	20180.0	0.4123899927679515	0.27920410528726536	4.3	2.6686453695748398	389.53	9.753809523809524	219.63	360.38	2.26875	1.6625	0.60625	1.2873	2.14	532.0	2.29	4.31	5.495684594740025	20417504.0	8421940.0	0.0	0.0	0.0	0.0	0.0	0.0	0.0	0.0	0.0	0.0	0.0	0.0	0.0	0.0	0.0	0.0	0.0	0.0	0.0	0.0	0.0	13910608.0	5464260.0	2.545744162979068	3399.0	76918921.0	357439.0	18584160.0	66829.0	18703.8602924478	9976.677137263	6.4233	63.7	1.41	910513.0	3.94225832030954	900824.17	3.937335073946784	9688.83	4.399999793576727	1305592.9834308117	2.74930816537298	1291203.9288923563	2.746929838606222	14389.054538455432	2.962727668177713	0	108
2018	2	51555775.7	50506232.800000004	39337875.01293245	3.1896196928767964	3.828000203289758	0.0	39337875.01293245	11168357.787067555	12217900.687067553	3.60615788736335	3.60615788736335	1.1188827341607368	2.023415330736689	28.477	4.610564056601652	3.867106690205863	18.6542827374292	13.238203475285902	228.6	303.06	2.2863400754651377	152.513699491399	131.20107078640805	128.01380376289978	0	20180.0	0.4123899927679515	0.27920410528726536	4.35	2.8110121685985368	416.28	10.115	232.5	370.0	2.3583333333333334	1.75625	0.6020833333333333	1.2612	2.1775	538.75	2.35	4.04	5.644413765041163	4324071.72	1882000.0	4268800.0	1856000.0	2.3	0.0	0.0	0.0	0.0	0.0	0.0	0.0	0.0	0.0	0.0	0.0	0.0	0.0	0.0	0.0	0.0	0.0	0.0	0.0	0.0	0.0	3534.0	58814256.0	272915.0	14804420.0	52132.0	18703.8602924478	9976.677137263	6.3183	62.23	1.57	938811.58	3.785641395688792	912373.58	3.782327607513579	26438.0	3.9	1341137.9624159192	2.6499913354162574	1303728.1868507273	2.6469442133762167	37409.77556519177	2.7561833355647787	0	109
2018	3	55508433.6	54096089.0	42227494.82771862	3.157050887700958	3.9235740593752317	0.0	42227494.82771862	11868594.172281377	13280938.772281379	3.6290096138833423	3.6290096138833423	1.1238458856555888	2.007877402318238	28.369	4.805532614621371	4.552187543383367	17.796416764807336	13.306507469717788	408.3	303.24	1.0095576440303684	153.09431493590077	131.70054964167022	128.50114878057377	0	20180.0	0.4123899927679515	0.27920410528726536	4.44	2.6543678019012686	430.11	10.437261904761906	232.5	378.0	2.39375	1.7354166666666666	0.6583333333333333	1.2872	2.186	515.8	2.29	4.01	5.643277049182801	16259025.0	6475270.0	0.0	0.0	0.0	0.0	0.0	0.0	0.0	0.0	0.0	0.0	0.0	0.0	0.0	0.0	0.0	0.0	0.0	0.0	0.0	0.0	0.0	13750875.0	5384770.0	2.5536606020312846	3593.0	75930517.0	352139.0	17599510.0	60999.0	18703.8602924478	9976.677137263	6.3174	62.73	1.7	910450.98	4.228451409871622	845847.72	3.834200912665462	64603.26	9.390356307096576	1302125.1068934747	2.956549804330704	1207918.743748362	2.6849075045693844	94206.36314511276	6.439561084271319	0	110
2018	4	41688822.6	40427812.2	35263207.029640056	3.1657306128329146	4.028773620333514	0.0	35263207.029640056	5164605.170359947	6425615.570359945	3.4761901898759673	3.4761901898759673	1.187574364322065	2.0346763624440456	28.298	6.182170841643627	4.3823030964580445	17.56142813124577	13.242580484262923	428.8	303.32	-0.3729466525134655	153.47843029247895	132.0309878007118	128.82355960690143	0	20181.0	0.4478646235485186	0.23825910372798012	4.38	2.58431848550281	439.07	10.38704761904762	230.63	384.75	2.3354166666666667	1.7416666666666667	0.59375	1.2416	2.1875	509.75	2.25	3.95	5.676389531484389	27824250.0	10643434.206	0.0	0.0	0.0	0.0	0.0	0.0	0.0	0.0	0.0	0.0	0.0	0.0	0.0	0.0	0.0	0.0	0.0	0.0	0.0	0.0	0.0	27824250.0	10643434.19	2.614217319645024	3536.0	73727366.0	336941.0	18896099.0	63699.0	18703.8602924478	9976.677137263	6.2967	66.25	1.76	1500037.23	4.0362328207013904	1398616.79	3.968353819061474	101420.44	4.972303610593682	2150803.114023857	2.814994761967246	1998811.6904340624	2.7767529610529325	151991.4235897945	3.317905761321265	1	111
2018	5	43823260.4	42421003.8	33798035.18055712	3.4155169315158926	4.0809951439191225	0.0	33798035.18055712	8622968.61944288	10025225.219442882	3.8734147659953426	3.8734147659953426	1.1993495140782102	2.03897413353877	30.56	4.846114267041102	4.2490121035245885	18.411989892142444	12.673590539508368	643.0	303.39	-1.7711728141663905	142.1182140188668	122.25827528745228	119.28825555484612	0	20181.0	0.4478646235485186	0.23825910372798012	4.32	2.313415119554778	430.32	10.241931818181818	221.88	384.38	2.3833333333333333	1.9041666666666663	0.4791666666666667	1.1756	2.21	526.4	2.04	3.6	5.243179097522469	16237240.0	6601820.0	0.0	0.0	0.0	3477539.0	1172160.0	2.966778426153426	0.0	0.0	0.0	0.0	0.0	0.0	0.0	0.0	0.0	0.0	0.0	0.0	0.0	0.0	0.0	12759701.0	5429660.0	2.35	3634.0	87730289.0	402232.0	22254730.0	75220.0	18703.8602924478	9976.677137263	6.3701	69.98	1.86	1108813.25	4.029783734997755	1033576.05	3.983908673193424	75237.2	4.6599954543762925	1588185.1129899058	2.813448862763896	1478179.42115229	2.785637880677663	110005.6918376157	3.187153356733065	1	112
2018	6	45876644.300000004	44972876.7	31805841.06783965	3.400218165150196	4.057617471287543	0.0	31805841.06783965	13167035.632160354	14070803.232160356	3.752434322533279	3.752434322533279	1.1573890010799432	1.9988639561905532	31.366	5.263392227082849	4.140087242990847	16.038332234108207	13.46704395828584	146.6	303.47	-3.165120840928273	138.4662571069492	119.11665155852012	116.22295127705468	0	20181.0	0.4478646235485186	0.23825910372798012	4.24	2.3735537663803594	394.44	9.257214285714284	224.0	391.6	2.4625	1.9020833333333331	0.5604166666666667	1.1651	2.2425	553.75	1.97	3.32	5.18323704052258	56649006.09	21530795.29	0.0	0.0	0.0	9436410.09	2644230.0	3.5686797631068403	0.0	0.0	0.0	0.0	0.0	0.0	0.0	0.0	0.0	0.0	0.0	0.0	0.0	0.0	0.0	47212596.0	18886565.29	2.4997978867548767	3748.0	83292654.0	392924.0	17192018.0	59448.0	18703.8602924478	9976.677137263	6.4651	67.87	1.9	1331743.42	3.900442218817195	1307758.5499999998	3.83357762791916	23984.87	7.546188076066287	1902117.4245349416	2.730845211236105	1867316.8541362952	2.6848115834732744	34800.57039864661	5.200901534850671	1	113
2018	7	44984864.900000006	44090036.900000006	33017029.635702956	3.3923560884908217	4.046163361245494	0.0	33017029.635702956	11073007.26429705	11967835.26429705	3.5630664704855213	3.5630664704855213	1.157876501949496	2.117252134911465	31.146	6.4145300216848975	4.934728625903845	16.43332882837987	13.352556849323722	622.1	308.12	0.0052092672006893	139.44431453209302	119.9580329026052	117.0438929479258	0	20182.0	0.4615954821906817	0.2814717721352015	4.19	2.365142074396206	377.17	8.528380952380953	252.5	400.75	2.38125	1.925	0.45625	1.1506	2.2325	557.5	2.0	3.54	5.281538335968339	10728148.28	4018560.0	0.0	0.0	0.0	0.0	0.0	0.0	0.0	0.0	0.0	0.0	0.0	0.0	0.0	0.0	0.0	0.0	0.0	0.0	0.0	0.0	0.0	10674105.0	3998810.0	2.6693203728109114	3611.0	83231293.0	391074.0	15524169.0	53676.0	18703.8602924478	9976.677137263	6.7164	70.98	1.96	1620243.61	3.962864880547191	1556111.61	3.89033773098062	64132.0	5.722678070230151	2324923.590192747	2.761727966925436	2230887.2489897395	2.713628720026739	94036.34120300753	3.9028186901455313	2	114
2018	8	50542903.599999994	49740570.1	40124978.65300936	3.487809359818737	4.009077460822185	0.0	40124978.65300936	9615591.446990639	10417924.946990632	3.6202049607596614	3.6202049607596614	1.1604940118946052	2.089371138332577	31.326	4.965313979765689	4.3666074752083	17.509594907246047	14.404777509485497	443.3	309.83	0.2298175102205869	138.64306392187223	119.26875096675418	116.37135573504747	0	20182.0	0.4615954821906817	0.2814717721352015	4.11	2.3941981570106674	376.77	8.649673913043477	260.0	409.0	2.3291666666666666	2.0104166666666665	0.31875	1.1155	2.2	556.2	2.01	3.23	5.20682050066075	42994770.23	16552704.5	0.0	0.0	0.0	3366587.23	1153320.0	2.919040014913467	0.0	0.0	0.0	0.0	0.0	0.0	0.0	0.0	0.0	0.0	0.0	0.0	0.0	0.0	0.0	39628183.0	15399384.5	2.5733614872724297	3550.0	98642828.0	466578.0	16749193.0	60198.0	18703.8602924478	9976.677137263	6.8453	68.06	2.03	1988108.17	3.9670756797906015	1902958.17	3.822517076137307	85150.0	7.19771544333529	2859035.343604865	2.758614225473537	2733773.272623208	2.660824206910219	125262.0709816566	4.892825619095432	2	115
2018	9	45610497.00000001	44717265.0	35819666.35182411	3.31872670500309	3.8127839604738103	0.0	35819666.35182411	8897598.648175888	9790830.648175895	3.5177328926622806	3.5177328926622806	1.1807787047841845	2.106969463288481	32.866	5.123411174521673	4.640408566806713	15.949604029914155	12.252836521361065	495.8	311.69	0.5987038881314747	132.14667499594017	113.68018294847388	110.918550774542	0	20182.0	0.4615954821906817	0.2814717721352015	4.01	2.4607234556257835	356.87	8.393947368421053	267.5	421.63	2.3854166666666665	1.9229166666666664	0.4625	1.1205	2.1175	548.75	2.03	3.28	5.044576035127191	53745.32	19750.0	0.0	0.0	0.0	0.0	0.0	0.0	0.0	0.0	0.0	0.0	0.0	0.0	0.0	0.0	0.0	0.0	0.0	0.0	0.0	0.0	0.0	0.0	0.0	0.0	3570.0	99751974.0	461986.0	19096212.0	65991.0	18703.8602924478	9976.677137263	6.8551	70.23	2.13	1564636.37	3.954570837440012	1532726.37	3.8441289034519577	31910.0	9.259405202130994	2250064.6527355816	2.7499055871472	2204718.8632618976	2.6724485548614334	45345.78947368421	6.51587773483292	2	116
2018	10	50961032.5	49718747.800000004	39438538.95527614	3.2600576929071408	3.7863708972310817	0.0	39438538.95527614	10280208.844723865	11522493.54472386	3.3040463303615204	3.3040463303615204	1.2157935785847442	2.049434307238156	32.886	6.509205206253101	4.9426529301896975	18.2262289466192	14.28297970920795	228.2	311.95	-0.6381315990667361	132.06630847219392	113.61104703474253	110.85109437925249	0	20183.0	0.46081293778744103	0.3021409720101847	3.86	2.4984265691366385	367.96	8.607456521739131	270.0	420.75	2.177083333333333	1.85625	0.3208333333333333	1.1215	2.152	548.8	2.03	3.41	5.0829477698563235	31997526.58	13035380.0	0.0	0.0	0.0	0.0	0.0	0.0	0.0	0.0	0.0	0.0	0.0	0.0	0.0	0.0	0.0	0.0	0.0	0.0	0.0	0.0	0.0	27972526.5	11503520.0	2.431649312558243	3273.0	92435391.0	424022.0	16574958.0	56015.0	18703.8602924478	9976.677137263	6.9191	70.75	2.25	1693430.62	3.7581935184330137	1535090.62	3.634406925110389	158340.0	4.958292282430214	2429275.3669470763	2.6198100333096783	2194123.5835463414	2.5427665159054	235151.7834007349	3.338677634700628	3	117
2018	11	58027670.3	56553029.8	44852863.0151082	3.3116747337947228	3.8360404993190524	0.0	44852863.0151082	11700166.7848918	13174807.2848918	3.4492950797340938	3.4492950797340938	1.139867886426018	1.882947263626461	32.535	5.106229661404132	4.642789944068846	19.393814001695933	13.093919312906708	450.9	312.64	-1.450688951373973	133.49109022334625	114.83672638034555	112.04699830201623	0	20183.0	0.46081293778744103	0.3021409720101847	3.95	2.556826294072542	374.04	8.82857142857143	305.6	410.2	2.279166666666667	1.875	0.4041666666666667	1.1691	2.1525	561.75	1.97	3.62	5.08797908093303	18649788.0	8020920.0	2747925.0	1221300.0	2.25	0.0	0.0	0.0	0.0	0.0	0.0	10368.0	900.0	11.52	0.0	0.0	0.0	0.0	0.0	0.0	0.0	0.0	0.0	15792276.0	6777470.0	2.330113744509382	3397.0	104277796.0	467801.0	21646392.0	74525.0	18703.8602924478	9976.677137263	6.9367	56.96	2.33	1232433.38	3.698905144876878	0.0	0.0	0.0	0.0	1755336.9767051907	2.59702509005234	0.0	0.0	0.0	0.0	3	118
2018	12	39992011.1	38896000.8	36599159.25764581	3.1416642232792222	3.7842171118585357	0.0	36599159.25764581	2296841.542354189	3392851.8423541933	3.5311506067725182	3.5311506067725182	1.0569622076582208	1.8380743946950089	32.198	5.208142726948952	4.168878079740923	17.08510911382529	13.79859341272219	633.5	315.53	-0.0689681687902862	134.8882731976076	116.03866366807075	113.21973693260752	0	20183.0	0.46081293778744103	0.3021409720101847	4.19	2.6411400553801654	380.53	9.007075	276.67	389.67	2.3125	1.79375	0.51875	1.209	2.1675	562.75	1.99	3.94	5.17486521086738	23216265.5	9776320.0	0.0	0.0	0.0	0.0	0.0	0.0	0.0	0.0	0.0	10500.0	3500.0	3.0	0.0	0.0	0.0	0.0	0.0	0.0	0.0	0.0	0.0	23205765.5	9772820.0	2.3745209161736325	3465.0	104634662.0	473569.0	19630662.0	68054.0	18703.8602924478	9976.677137263	6.8837	49.52	2.37	1368376.52	3.7239463155944814	1273757.82	3.662147110508024	94618.7	4.5558877896229815	1962772.5640336203	2.5962053848602267	1819325.10928996	2.5639664379834337	143447.45474366067	3.005087687127821	3	119
2019	1	49284676.0	48014827.0	31444787.771265507	3.2206072947591795	3.8712340532263108	0.0	31444787.771265507	16570039.228734493	17839888.228734493	3.446539245179278	3.446539245179278	1.0626682935770977	1.865930323175628	32.582	6.697542543499362	4.971202368513068	17.82063753207201	13.227405539886258	1048.2	332.58	4.132543738988742	139.3996283025192	119.82564228564485	116.7355348584635	0	20190.0	0.45321595865810965	0.3139129156840669	4.24	2.760845912290382	382.35	9.135595238095238	260.0	382.13	2.245833333333333	1.7958333333333334	0.45	1.1512	2.1740000000000004	559.2	2.25	3.41	5.121703156537816	10090.0	2200.0	0.0	0.0	0.0	0.0	0.0	0.0	0.0	0.0	0.0	10090.0	2200.0	4.586363636363636	0.0	0.0	0.0	0.0	0.0	0.0	0.0	0.0	0.0	0.0	0.0	0.0	3391.0	118320972.0	531897.0	27142257.0	93328.0	17688.01500769	10216.6303341031	6.7863	51.38	2.37	1385759.07	3.60881567962604	1379960.07	3.6030497824476897	5799.0	4.980898430763925	1981841.5454726429	2.523384915118095	1973414.450960182	2.5195238778051907	8427.09451246084	3.427543141623715	0	120
2019	2	51234741.5	50216146.5	41834519.08999332	3.3403300067837742	3.8941373054905397	0.0	41834519.08999332	8381627.41000668	9400222.41000668	3.6657147983489464	3.6657147983489464	1.111665994677597	1.913842970395628	32.594	5.031475218350885	4.7374412403803055	16.704250251325067	12.895689918915927	419.0	332.51	2.542820791354328	140.81203122959278	121.01816779624474	117.85616808121202	0	20190.0	0.45321595865810965	0.3139129156840669	4.28	2.8068784978106924	380.33	9.11742105263158	250.63	357.38	2.252083333333333	1.8708333333333331	0.38125	1.1826	2.28	596.25	2.23	3.13	5.0821671973983324	5855804.08	2388100.0	0.0	0.0	0.0	0.0	0.0	0.0	0.0	0.0	0.0	0.0	0.0	0.0	0.0	0.0	0.0	0.0	0.0	0.0	0.0	0.0	0.0	5823520.0	2355100.0	2.4727272727272727	3491.0	91684850.0	418440.0	18969983.0	63776.0	17688.01500769	10216.6303341031	6.7367	54.95	2.39	1509601.19	3.8564537565050543	1256449.74	3.617818576650746	253151.45	5.04085585920997	2154867.970808612	2.70165377130526	1790533.458878147	2.538688784317962	364334.5119304651	3.5025503437444034	0	121
2019	3	53264634.1	52195274.1	42772825.09637554	3.3809949010977607	3.999929744151436	0.0	42772825.09637554	9422449.003624462	10491809.003624462	3.617767955502955	3.617767955502955	1.1160457673036248	1.8746162186457704	33.299	4.89865198222857	4.429746199301545	17.46582713359417	13.129202270541391	353.50000000000006	332.59	1.0973759786108015	137.8307860865896	118.4559945088682	115.3609400414134	0	20190.0	0.45321595865810965	0.3139129156840669	4.48	2.8292680059025144	369.53	9.01702380952381	247.5	335.03	2.3666666666666667	1.8625	0.5041666666666667	1.2267	2.3675	633.0	2.17	3.17	4.942335205998418	11125946.0	4279210.0	0.0	0.0	0.0	0.0	0.0	0.0	0.0	0.0	0.0	0.0	0.0	0.0	0.0	0.0	0.0	0.0	0.0	0.0	0.0	0.0	0.0	11125946.0	4279210.0	2.6	3731.0	101440125.0	474194.0	16672169.0	59575.0	17688.01500769	10216.6303341031	6.7119	58.15	2.4	1681787.03	3.7348961063161488	1545303.4	3.603979917471223	136483.63	5.217163479605576	2393649.101850931	2.624152314197965	2203905.16654489	2.5269882318625454	189743.9353060412	3.752728164151917	0	122
2019	4	52022347.0	50592939.199999996	43488329.868955776	3.3397618336750043	3.9903147138692314	0.0	43488329.868955776	7104609.331044219	8534017.131044224	3.5762806987219546	3.5762806987219546	1.1240105248864247	1.8426247709655463	34.136	6.55877968323446	5.114146145952588	18.047445600064272	12.789498208927572	263.40000000000003	332.65	-0.3737906992417192	134.45123464662956	115.55150460366772	112.53233953711695	0	20191.0	0.421881694503316	0.26845683675658877	4.7	2.7868814768716	359.84	8.837214285714285	247.5	323.75	2.220833333333333	1.8104166666666663	0.4104166666666666	1.2163	2.34	623.25	2.21	3.12	5.092928776505252	13413456.0	5434513.0	0.0	0.0	0.0	0.0	0.0	0.0	0.0	0.0	0.0	0.0	0.0	0.0	0.0	0.0	0.0	0.0	0.0	0.0	0.0	0.0	0.0	13413456.0	5434513.0	2.4681983463835677	3534.0	128920179.0	604698.0	25197798.0	90595.0	17688.01500769	10216.6303341031	6.7161	63.86	2.38	1769656.05	3.8618246579610767	1720581.95	3.82588521284906	49074.1	5.121893829942882	2510582.651638286	2.722117658839231	2448076.395478939	2.688947555785798	62506.25615934698	4.021234760233094	1	123
2019	5	52717242.0	51455272.1	41949685.75133943	3.545965898825749	4.219126910907097	0.0	41949685.75133943	9505586.348660573	10767556.248660572	3.804853548036499	3.804853548036499	1.1116405466526036	1.7364302534674545	35.163	4.693466449220715	4.393775143686259	17.69327788342396	12.142342029549695	497.6	332.75	-1.8106792422032971	130.52433938791762	112.17661067459548	109.2456258692098	0	20191.0	0.421881694503316	0.26845683675658877	4.6	2.4612877972835823	339.81	8.366704545454546	247.5	313.4	2.3604166666666666	1.9458333333333333	0.4145833333333333	1.1921	2.348	656.2	2.31	3.2	5.24358897568035	2154.0	1600.0	0.0	0.0	0.0	0.0	0.0	0.0	0.0	0.0	0.0	2154.0	1600.0	1.34625	0.0	0.0	0.0	0.0	0.0	0.0	0.0	0.0	0.0	0.0	0.0	0.0	3712.0	123720026.0	588244.0	26284513.0	95046.0	17688.01500769	10216.6303341031	6.8519	60.83	2.35	2362134.48	3.790244605379114	2350134.48	3.76670711626681	12000.0	8.399933333333333	3367033.0976859843	2.6590375592544824	3349980.466107037	2.642483548653969	17052.631578947367	5.911064197530865	1	124
2019	6	38802819.400000006	37863860.2	36899143.890265465	3.8288488012112403	4.641236072459401	0.0	36899143.890265465	964716.3097345382	1903675.5097345412	4.026195843508259	4.026195843508259	1.0413184630086127	1.6368816380442268	35.25	4.814311268186746	4.200743930189073	16.539531925534842	13.406540226068046	577.3000000000001	332.73	-3.3732896502739385	130.2021942098538	111.899749252505	108.97599836706452	0	20191.0	0.421881694503316	0.26845683675658877	4.63	2.394979959964021	358.95	8.894325	247.5	314.88	2.560416666666667	2.1083333333333334	0.4520833333333333	1.1589	2.3675	716.75	2.45	2.95	5.637852609128663	25173250.5	9827530.0	0.0	0.0	0.0	0.0	0.0	0.0	0.0	0.0	0.0	0.0	0.0	0.0	0.0	0.0	0.0	0.0	0.0	0.0	0.0	0.0	0.0	25173250.5	9827530.0	2.561503297369736	3980.0	133743914.0	638693.0	27484546.0	101881.0	17688.01500769	10216.6303341031	6.8977	54.66	2.17	2162426.33	3.872883396679692	0.0	0.0	0.0	0.0	3079510.105826323	2.7195315950271217	0.0	0.0	0.0	0.0	1	125
2019	7	39733196.0	38894448.8	30930713.655284613	3.9652871477535894	4.6984980771553655	0.0	30930713.655284613	7963735.144715384	8802482.344715387	3.8741789699872142	3.8741789699872142	1.0665136034246567	1.6736884083996582	34.822	5.853293475499714	4.54335177358836	17.28143723086706	12.344363709423426	429.8	341.52	3.868378076546293	131.80251984082898	113.27511806188046	110.31543111937926	0	20192.0	0.36451202931287374	0.2733435220702782	4.63	2.3713491419601755	369.58	8.878045454545454	263.5	307.5	2.520833333333333	2.2104166666666667	0.3104166666666667	1.11	2.398	734.6	2.52	3.38	5.701190150513024	76192.97	14281.25	0.0	0.0	0.0	0.0	0.0	0.0	0.0	0.0	0.0	0.0	0.0	0.0	0.0	0.0	0.0	0.0	0.0	0.0	0.0	0.0	0.0	0.0	0.0	0.0	3868.0	152212686.0	739479.0	26968416.0	99861.0	17688.01500769	10216.6303341031	6.8775	57.35	2.1	3454833.48	3.947009414184559	3372176.48	3.916017630844753	82657.0	5.211388267176403	4923632.205269576	2.769552984767146	4802110.586072564	2.7499372022584345	121521.61919701227	3.5447002998013915	2	126
2019	8	45728636.6	44981839.8	36143376.688163795	3.978654067568842	4.650480940739867	0.0	36143376.688163795	8838463.111836202	9585259.911836207	4.128042811474788	4.128042811474788	1.030567934076036	1.6002490031729182	35.954	4.811619328734559	4.618095286366342	17.72597641313168	12.574147819108674	483.1	341.32	2.1143239382575336	127.65276035760547	109.7086877997108	106.84218563828848	0	20192.0	0.36451202931287374	0.2733435220702782	4.6	2.3061874588136075	360.93	8.597613636363636	262.5	292.9	2.5708333333333333	2.2375	0.3333333333333333	1.1441	2.47	760.0	2.42	369.0	5.667885981804113	5463638.41	1854725.0	0.0	0.0	0.0	0.0	0.0	0.0	0.0	0.0	0.0	0.0	0.0	0.0	0.0	0.0	0.0	0.0	0.0	0.0	0.0	0.0	0.0	0.0	0.0	0.0	4046.0	130619180.0	653913.0	24428139.0	98789.0	17688.01500769	10216.6303341031	7.0629	54.81	1.95	3103444.54	4.007335439608017	3046757.5	3.953502840314663	56687.04	6.900675357189226	4423209.020797864	2.8116562503656413	4339093.59455943	2.776009359443888	84115.4262384339	4.650500835496725	2	127
2019	9	42538891.800000004	41898693.0	39726909.968639135	3.9887808472880053	4.699774625261089	55492.67601509417	39782402.64465423	2116290.3553457707	2756489.155345775	4.155445891299301	4.154986074830557	1.0577508026142186	1.644643230531466	36.684	4.847944898755426	4.189091235279373	18.3906217345062	13.212565714420837	396.4	341.07	0.3045479348596945	125.11251079209867	107.52551960393636	104.71605992909782	0	20192.0	0.36451202931287374	0.2733435220702782	4.65	2.195695691282033	366.07	8.83275	237.75	285.75	2.652083333333333	2.25625	0.3958333333333333	1.162	2.61	763.5	2.39	3.9	5.788959022676463	24196353.6	8568263.0	0.0	0.0	0.0	0.0	0.0	0.0	0.0	0.0	0.0	0.0	0.0	0.0	0.0	0.0	0.0	0.0	0.0	0.0	0.0	0.0	0.0	24196353.6	8568263.0	2.8239508521155336	4139.0	152103513.0	785147.0	23746674.0	97560.0	17688.01500769	10216.6303341031	7.1137	56.95	1.89	3207450.19	3.971166002736897	3159407.26	3.924782508096155	48042.93	7.021445194953763	4573491.432118883	2.7850313789915297	4503718.002028658	2.753277701759866	69773.43009022556	4.834659834894029	2	128
2019	10	39592376.4	38613918.2	35496750.21129528	4.099471811063193	4.780156152908481	84855.32672548325	35581605.53802076	3032312.661979243	4010770.8619792387	4.142671542040605	4.141897642102716	1.0629503154435054	1.6552569993924426	37.301	4.605150567146485	4.441347713308031	17.055290378403182	12.996064151023312	941.3	341.15	-1.1809499336472062	123.04301080124786	105.74692799524948	102.98393990614258	0	20193.0	0.36551946277179925	0.2669078671724067	4.86	2.4206536500528726	381.65	9.262891304347828	237.0	277.38	2.6645833333333333	2.302083333333333	0.3625	1.1467	2.72	777.0	2.36	4.65	5.817503335398294	45061.28	34950.0	0.0	0.0	0.0	0.0	0.0	0.0	0.0	0.0	0.0	3992.0	1350.0	2.957037037037037	0.0	0.0	0.0	0.0	0.0	0.0	0.0	0.0	0.0	0.0	0.0	0.0	4057.0	150829174.0	773012.0	19843968.0	80060.0	17688.01500769	10216.6303341031	7.0961	53.96	1.65	4067104.82	3.8369981597867935	3946845.82	3.802188495419869	120259.0	4.979435551601127	5807772.117160227	2.686998283539827	5642297.1419972	2.6596705902461752	165474.97516302782	3.6188066468058615	3	129
2019	11	48196464.0	46971873.0	35392378.9191565	4.2278450347168395	4.922968803930334	3812.681228092652	35396191.60038459	11575681.399615407	12800272.399615407	4.307213704802586	4.305789284667465	1.0590360465359414	1.7066217669557928	37.639	4.312944779833332	4.586575418604624	17.065366274921537	12.888991099596938	354.0	341.01	-2.892169667263117	121.93807874537973	104.79731558093472	102.05913925553348	0	20193.0	0.36551946277179925	0.2669078671724067	5.94	2.630364953526517	375.59	9.12425	224.5	248.0	2.7375	2.35	0.3875	1.1436	2.81	780.75	2.52	4.09	6.197	14653742.0	5222064.41	0.0	0.0	0.0	0.0	0.0	0.0	0.0	0.0	0.0	0.0	0.0	0.0	0.0	0.0	0.0	0.0	0.0	0.0	0.0	0.0	0.0	14653742.0	5222064.39	2.8061205120452377	4288.0	186984022.0	986853.0	24986571.0	109379.0	17688.01500769	10216.6303341031	7.0199	57.03	1.54	4193243.97	3.967144465958655	3820339.97	3.835662340281197	372904.0	5.314157155729088	5963579.049570339	2.789466605829351	5460181.657748107	2.683708174655021	503397.3918222321	3.936592624817969	3	130
2019	12	45282471.5	44019178.3	38844521.62964268	4.138087346505512	4.844132716589887	173609.60894548713	39018131.23858817	5001047.061411828	6264340.261411831	4.405835314302085	4.406169439564792	1.084445030749024	1.7046181592406868	37.592	4.586621502913987	4.066145274687287	17.367080860126503	12.922332464390948	460.7000000000001	341.05	-4.429111265988119	122.09053378105308	104.92834010296872	102.1867403287674	0	20193.0	0.36551946277179925	0.2669078671724067	5.56	2.6826211136670755	375.92	9.127428571428572	217.5	238.16	2.8375	2.279166666666667	0.5583333333333333	1.1663	2.6325000000000003	716.25	2.45	5.27	6.6153898138009275	107011.0	43200.0	0.0	0.0	0.0	0.0	0.0	0.0	0.0	0.0	0.0	0.0	0.0	0.0	0.0	0.0	0.0	0.0	0.0	0.0	0.0	0.0	0.0	0.0	0.0	0.0	4478.0	189312414.0	1033480.0	24100703.0	107657.0	17688.01500769	10216.6303341031	7.0137	59.88	1.54	3320566.21	4.404973990866455	3187308.21	4.351170902295639	133258.0	5.691853772381395	4748483.3907180745	3.08035357533136	4562904.189443775	3.0394069575435445	185579.201274299	4.087123151688244	3	131
